"","DOI","Paper_id","State","Latitude","Longitude","Year_start","Years_num","Annual_precip","Exp_arrangement","Trtmt_splitC_levels","GEOID"
"1","10.1080/00103629309368895",150,"IL",37.435063,-88.669049,1989,3,NA,NA,NA,"17151"
"2","10.1080/00103629409369033",151,"IL",37.435063,-88.669049,1989,4,NA,NA,NA,"17151"
"3","10.1097/00010694-199812000-00007",152,"IL",37.435063,-88.669049,1989,8,NA,NA,NA,"17151"
"4","10.1016/S0167-1987(98)00170-6",153,"IL",40.099469,-88.224219,1995,2,NA,NA,NA,"17019"
"5","10.1016/S0167-1987(99)00054-9",154,"IL",37.435063,-88.669049,1989,8,NA,NA,NA,"17151"
"6","10.2136/sssaj1999.6351335x",155,"IL",37.435063,-88.669049,1989,8,NA,NA,NA,"17151"
"7","10.1016/j.still.2004.09.009",156,"IL",37.435063,-88.669049,1989,12,NA,NA,NA,"17151"
"8","10.1016/S0167-1987(99)00051-3",157,"IL",40.099469,-88.224219,1994,4,NA,NA,NA,"17019"
"9","10.1016/S0038-0717(00)00031-6",158,"IL",40.099469,-88.224219,1995,3,NA,NA,NA,"17019"
"10","10.2134/agronj14.0465",159,"IL",40.93055556,-90.72722222,1998,16,978,"split-plot",NA,"17187"
"11","10.2134/agronj14.0465",159,"IL",39.80111111,-90.82111111,1998,16,996,"split-plot",NA,"17149"
"12","10.2134/agronj14.0549",160,"IL",40.05927778,-88.22666667,2007,6,1051,NA,NA,"17019"
"13","10.2134/agronj2015.0397",161,"IL",38.519179,-89.843248,1970,45,NA,"split-plot",NA,"17163"
"14","10.2489/jswc.72.4.405",162,"IL",38.519179,-89.843248,1970,45,NA,"split-plot",NA,"17163"
"15","10.1016/0167-1987(86)90340-5",163,"IN",40.423368,-86.914437,1967,7,NA,NA,NA,"18157"
"16","10.1016/0167-1987(86)90340-5",163,"IN",40.423368,-86.914437,1967,7,NA,NA,NA,"18157"
"17","10.1016/0167-1987(86)90340-5",163,"IN",40.423368,-86.914437,1975,NA,NA,"split-plot",NA,"18157"
"18","10.1016/0167-1987(86)90340-5",163,"IN",40.423368,-86.914437,1967,7,NA,NA,NA,"18157"
"19","10.1016/0167-1987(86)90340-5",163,"IN",40.423368,-86.914437,1967,7,NA,NA,NA,"18157"
"20","10.1016/0167-1987(86)90340-5",163,"IN",40.423368,-86.914437,1980,NA,NA,"split-plot",NA,"18157"
"21","10.1016/0167-1987(86)90340-5",163,"IN",40.423368,-86.914437,1967,7,NA,NA,NA,"18157"
"22","10.1093/jee/83.6.2455",164,"MN",44.426459,-92.696272,1985,3,NA,"split-split plot",NA,"27049"
"23","10.1080/00103629109368552",165,"IA",42.754275,-92.5632,1977,13,NA,"split-plot",NA,"19023"
"24","10.1017/S0043174500071459",166,"OH",40.814391,-81.932647,1962,25,NA,NA,NA,"39169"
"25","10.1094/PD-75-0828",167,"OH",40.781744,-81.930397,1985,2,NA,"split-plot",NA,"39169"
"26","10.2134/agronj1991.00021962008300050016x",168,"IA",42.030287,-93.642008,1975,11,NA,"split-plot",NA,"19169"
"27","10.1093/ee/20.5.1251",169,"OH",40.781744,-81.930397,1988,3,NA,NA,NA,"39169"
"28","10.1093/ee/21.2.388",170,"MN",44.426459,-92.696272,1985,3,NA,"split-split plot",NA,"27049"
"29","10.1016/0167-1987(92)90069-N",171,"IN",40.423368,-86.914437,1975,13,NA,NA,NA,"18157"
"30","10.1093/jee/85.3.853",172,"OH",40.092325,-82.471684,1978,10,NA,NA,NA,"39089"
"31","10.1093/jee/85.3.853",172,"OH",41.127824,-81.896217,1978,10,NA,NA,NA,"39103"
"32","10.13031/2013.28739",173,"IA",42.027666,-93.640315,1982,4,NA,NA,NA,"19169"
"33","10.13031/2013.28739",173,"IA",42.027666,-93.640315,1983,3,NA,NA,NA,"19169"
"34","10.13031/2013.28739",173,"IA",40.973243,-93.421985,1982,4,NA,NA,NA,"19117"
"35","10.13031/2013.28739",173,"IA",42.940167,-92.589052,1982,4,NA,NA,NA,"19067"
"36","10.13031/2013.28739",173,"IA",42.471,-93.718893,1981,4,NA,NA,NA,"19079"
"37","10.2136/sssaj1993.03615995005700010023x",174,"NE",41.166582,-96.200514,1985,4,NA,"split-split-split plot",NA,"31153"
"38","10.1080/00103629309368812",175,"SD",44.282559,-96.687194,1987,2,NA,"split-plot",NA,"46011"
"39","10.1080/00103629309368812",175,"SD",43.079094,-96.77931,1987,3,NA,"split-plot",NA,"46127"
"40","10.2136/sssaj1993.03615995005700020034x",176,"OH",39.821986,-83.652406,1962,30,NA,NA,NA,"39023"
"41","10.2136/sssaj1993.03615995005700020034x",176,"OH",40.814391,-81.932647,1962,30,NA,NA,NA,"39169"
"42","10.2136/sssaj1993.03615995005700040029x",177,"OH",40.364689,-81.79006,1984,7,NA,NA,NA,"39031"
"43","10.1111/j.1570-7458.1993.tb01714.x",178,"OH",40.781744,-81.930397,1988,3,NA,NA,NA,"39169"
"44","10.1016/0167-8809(94)90075-2",179,"OH",40.781744,-81.930397,1988,3,NA,NA,NA,"39169"
"45","10.2136/sssaj1994.03615995005800020038x",180,"OH",40.814391,-81.932647,1962,30,NA,"split-plot",NA,"39169"
"46","10.1016/0167-1987(94)90082-5",181,"MN",44.495406,-92.490903,1982,9,NA,"split-plot",NA,"27049"
"47","10.1016/0167-1987(94)90081-7",182,"MN",44.495406,-92.490903,1982,9,NA,"split-plot",NA,"27049"
"48","10.2134/agronj1995.00021962008700030004x",183,"MO",38.896683,-92.208102,1987,4,NA,"split-split-plot",NA,"29019"
"49","10.2134/agronj1995.00021962008700030004x",183,"MO",40.011961,-92.207631,1987,4,NA,"split-split-plot",NA,"29103"
"50","10.1016/0167-1987(95)00470-D",184,"MN",44.4,-93.31,1982,12,NA,NA,NA,"27131"
"51","10.2134/jpa1996.0241",185,"IN",40.471009,-86.992263,1975,20,NA,"split-plot",NA,"18157"
"52","10.1016/0167-1987(95)01004-1",186,"OH",41.19127,-83.790533,1987,8,NA,"split-plot",NA,"39173"
"53","10.13031/2013.27631",187,"MO",38.947068,-91.934288,1982,12,NA,NA,NA,"29027"
"54","10.2134/jeq1996.00472425002500040010x",188,"IA",42.936471,-92.569974,1977,16,NA,NA,NA,"19067"
"55","10.2134/agronj1999.914643x",189,"NE",41.230068,-96.487949,1989,5,NA,"split-split-plot",NA,"31155"
"56","10.1016/S0038-0717(96)00038-7",190,"MO",38.896683,-92.208102,1991,3,NA,"split-split-plot",NA,"29019"
"57","1abc",191,"IA",40.673176,-94.762982,1994,1,NA,NA,NA,"19173"
"58","10.1016/S0261-2194(96)00104-4",192,"OH",40.364689,-81.79006,1984,12,NA,NA,NA,"39031"
"59","10.1016/S0933-3630(96)00127-4",193,"OH",39.821986,-83.652406,1962,30,NA,"split-plot",NA,"39023"
"60","10.1016/S0933-3630(96)00127-4",193,"OH",40.814391,-81.932647,1962,30,NA,"split-plot",NA,"39169"
"61","10.1016/S0167-1987(98)00095-6",194,"OH",41.19127,-83.790533,1987,10,NA,"split-plot",NA,"39173"
"62","10.2134/agronj1998.00021962009000050011x",195,"NE",40.524789,-98.061015,1990,5,NA,"split-split-plot",NA,"31035"
"63","10.2134/agronj1998.00021962009000050011x",195,"NE",41.168066,-96.466338,1990,5,NA,"split-split-plot",NA,"31155"
"64","10.1016/S0038-0717(98)00041-8",196,"WI",43.18,-89.21,1995,1,NA,NA,NA,"55025"
"65","10.1093/ee/27.5.1069",197,"IA",41.214559,-91.537111,1993,2,NA,"split-plot",NA,"19183"
"66","10.1093/ee/27.5.1069",197,"IA",42.754275,-92.5632,1994,2,NA,"split-plot",NA,"19023"
"67","10.2134/jpa1991.0571",198,"MN",44.233777,-95.266521,1986,3,NA,"split-split-plot",NA,"27127"
"68","10.2134/jpa1991.0571",198,"MN",45.585733,-95.903245,1986,3,NA,"split-split-plot",NA,"27149"
"69","10.2134/jpa1991.0571",198,"MN",44.086155,-93.503646,1986,3,NA,"split-split-plot",NA,"27161"
"70","10.1016/S0167-1987(98)00148-2",199,"WI",43.11,-89.55,1989,6,NA,NA,NA,"55025"
"71","10.2136/sssaj1999.03615995006300010028x",200,"IA",42.035415,-92.910422,1992,4,NA,NA,NA,"19127"
"72","10.2136/sssaj1999.03615995006300010028x",200,"IA",42.035415,-92.910422,1992,4,NA,NA,NA,"19127"
"73","10.2136/sssaj1999.03615995006300010028x",200,"IA",43.083384,-91.572964,1992,4,NA,NA,NA,"19005"
"74","10.1094/PHYTO.1999.89.3.204",201,"MN",45.970464,-94.483954,1995,2,NA,NA,NA,"27097"
"75","10.1094/PHYTO.1999.89.3.204",201,"OH",40.492246,-83.34812,1995,2,NA,NA,NA,"39159"
"76","10.1094/PHYTO.1999.89.3.204",201,"MO",38.589083,-92.588032,1995,2,NA,NA,NA,"29135"
"77","10.1094/PHYTO.1999.89.3.204",201,"IN",40.310618,-86.199682,1995,2,NA,NA,NA,"18159"
"78","10.1094/PHYTO.1999.89.3.204",201,"IA",42.155437,-93.785864,1995,2,NA,NA,NA,"19015"
"79","10.1094/PHYTO.1999.89.3.204",201,"IL",40.304296,-89.213214,1995,2,NA,NA,NA,"17113"
"80","10.1300/J064v14n04_07",202,"OH",39.863141,-83.672179,1962,26,NA,NA,NA,"39023"
"81","10.1300/J064v14n04_07",202,"OH",40.781744,-81.930397,1962,26,NA,NA,NA,"39169"
"82","10.1300/J064v14n04_06",203,"OH",41.19127,-83.790533,1987,7,NA,"spilt-plot",NA,"39173"
"83","10.2134/jpa1999.0293",204,"NE",40.524689,-98.061073,1986,9,NA,NA,NA,"31035"
"84","10.2134/jpa1999.0269",205,"NE",40.524689,-98.061073,1976,17,NA,NA,NA,"31035"
"85","10.1017/S0043174500092195",206,"IA",42.026563,-93.646455,1994,4,NA,"split-plot",NA,"19169"
"86","10.1094/PHYTO.1999.89.10.844",207,"MN",45.970464,-94.483954,1995,2,NA,NA,NA,"27097"
"87","10.1094/PHYTO.1999.89.10.844",207,"OH",40.492246,-83.34812,1995,2,NA,NA,NA,"39159"
"88","10.1094/PHYTO.1999.89.10.844",207,"MO",38.589083,-92.588032,1995,2,NA,NA,NA,"29135"
"89","10.1094/PHYTO.1999.89.10.844",207,"IN",40.310618,-86.199682,1995,2,NA,NA,NA,"18159"
"90","10.1094/PHYTO.1999.89.10.844",207,"IA",42.155437,-93.785864,1995,2,NA,NA,NA,"19015"
"91","10.1094/PHYTO.1999.89.10.844",207,"IL",40.304296,-89.213214,1995,2,NA,NA,NA,"17113"
"92","10.1093/ee/28.6.1052",208,"OH",39.531244,-84.722773,1994,4,NA,NA,NA,"39017"
"93","2abc",209,"KS",38.304984,-98.190149,1994,3,NA,NA,NA,"20159"
"94","10.1016/S0167-1987(00)00087-8",210,"OH",39.863141,-83.672179,1988,7,NA,"strip-plot",NA,"39023"
"95","10.1016/S0167-1987(00)00087-8",210,"OH",40.781744,-81.930397,1988,12,NA,NA,NA,"39169"
"96","10.1016/S0167-1987(00)00110-0",211,"MN",44.714434,-93.097139,1980,13,NA,"split-plot",NA,"27037"
"97","10.1016/S0167-1987(00)00139-2",212,"MN",44.714434,-93.097139,1980,13,NA,"split-plot",NA,"27037"
"98","10.13031/2013.3059",213,"IA",42.936471,-92.569974,1993,6,NA,NA,NA,"19067"
"99","10.13031/2013.2306",214,"NE",40.524689,-98.061073,1997,1,NA,NA,NA,"31035"
"100","10.1094/PDIS.2001.85.3.311",215,"MN",43.893368,-93.490493,1993,4,NA,"split-plot",NA,"27161"
"101","10.1016/S0167-1987(01)00174-X",216,"SD",44.19,-96.46,1990,11,580,"split-plot",NA,"46101"
"102","10.1094/PHYTO.2001.91.6.534",217,"IA",42.056387,-93.937012,1994,4,NA,NA,NA,"19015"
"103","10.1094/PHYTO.2001.91.6.534",217,"IA",43.090048,-93.730357,1994,4,NA,NA,NA,"19081"
"104","10.2134/agronj2001.934850x",218,"NE",42.384283,-97.005512,1994,4,NA,NA,NA,"31051"
"105","3abc",219,"OH",39.184825,-84.014452,1989,1,NA,NA,NA,"39025"
"106","10.1016/S0167-1987(01)00267-7",220,"IA",42.056387,-93.937012,1999,2,NA,NA,NA,"19015"
"107","10.2134/jeq2002.7690",221,"WI",43.17,-89.22,1995,6,NA,NA,NA,"55025"
"108","10.1614/0043-1745(2002)050[0448:CRATSE]2.0CO;2",222,"OH",41.189003,-83.785124,1963,36,NA,NA,NA,"39173"
"109","10.1614/0043-1745(2002)050[0448:CRATSE]2.0CO;2",222,"OH",40.814391,-81.932647,1963,36,NA,NA,NA,"39169"
"110","10.13031/2013.11430",223,"IA",42.94631,-92.541279,1993,6,NA,NA,NA,"19037"
"111","10.1081/CSS-120024062",224,"MO",38.942573,-92.318487,1971,18,NA,NA,NA,"29019"
"112","10.1081/CSS-120018974",225,"MI",42.740113,-84.484433,1980,18,NA,NA,NA,"26065"
"113","10.1081/CSS-120018974",225,"MI",42.4,-85.4,1988,10,NA,NA,NA,"26077"
"114","10.1081/CSS-120018974",225,"MI",43.399549,-83.697696,1990,8,NA,NA,NA,"26157"
"115","10.1023/A:1023304130514",226,"WI",43.28333333,-89.36666667,1995,4,NA,NA,NA,"55025"
"116","10.1016/S0167-8809(03)00067-7",227,"WI",43.28333333,-89.36666667,1995,5,NA,NA,NA,"55025"
"117","10.2134/jeq2003.1782",228,"WI",42.848785,-90.705922,1993,8,NA,NA,NA,"55043"
"118","10.2134/agronj2003.1146",229,"WI",43.18,-89.21,1997,4,NA,"split-plot",NA,"55025"
"119","10.1097/01.ss.0000100470.96182.4a",230,"OH",40.06666667,-83.08333333,1993,8,NA,NA,NA,"39049"
"120","10.2134/agronj2004.0502",231,"MN",44.1,-93.86666667,1996,4,NA,"split-plot",NA,"27013"
"121","10.2134/agronj2004.4250",232,"NE",40.812477,-96.807462,1986,16,NA,"split-plot",NA,"31109"
"122","10.2134/agronj2004.0723",233,"IA",42.924699,-95.538976,1994,7,NA,NA,NA,"19141"
"123","10.2134/agronj2004.0723",233,"IA",40.805596,-91.120666,1980,12,NA,NA,NA,"19057"
"124","10.2134/agronj2004.0723",233,"IA",41.214559,-91.537111,1990,11,NA,NA,NA,"19183"
"125","10.2134/agronj2004.0723",233,"IA",42.936846,-92.570089,1978,14,NA,NA,NA,"19067"
"126","10.2134/agronj2004.0723",233,"IA",42.60895,-95.005599,1980,6,NA,NA,NA,"19021"
"127","10.1016/j.still.2003.12.007",234,"IA",42.924699,-95.538976,1994,8,NA,"split-plot",NA,"19141"
"128","10.1016/j.still.2004.02.011",235,"IA",42.924699,-95.538976,1994,7,NA,NA,NA,"19141"
"129","10.1016/j.still.2004.02.011",235,"IA",40.805596,-91.120666,1980,12,NA,NA,NA,"19057"
"130","10.1016/j.still.2004.02.011",235,"IA",41.214559,-91.537111,1990,11,NA,NA,NA,"19183"
"131","10.1016/j.still.2004.02.011",235,"IA",42.936846,-92.570089,1978,14,NA,NA,NA,"19067"
"132","10.1016/j.still.2004.02.011",235,"IA",42.60895,-95.005599,1980,6,NA,NA,NA,"19021"
"133","10.2134/agronj2004.1164",236,"IA",42.033459,-93.645941,2001,2,NA,NA,NA,"19169"
"134","10.2134/agronj2004.1164",236,"IA",42.93687,-92.570078,2001,2,NA,NA,NA,"19067"
"135","10.1002/aheh.200300534",237,"WI",43.28333333,-89.36666667,1995,7,NA,NA,NA,"55025"
"136","10.1016/j.still.2004.03.017",238,"IA",42.033459,-93.645941,2001,2,NA,NA,NA,"19169"
"137","10.1016/j.still.2004.03.017",238,"IA",42.93687,-92.570078,2001,2,NA,NA,NA,"19067"
"138","10.1016/j.still.2004.03.018",239,"OH",40.06666667,-83.08333333,1993,9,NA,NA,NA,"39049"
"139","10.1080/00103620500257259",240,"WI",42.848785,-90.705922,1981,11,NA,NA,NA,"55043"
"140","10.2134/jeq2005.0437",241,"IA",42.65,-95.78333333,1998,4,NA,NA,NA,"19035"
"141","10.1016/j.agee.2004.08.002",242,"IA",42.025037,-93.633931,1998,3,NA,NA,NA,"19169"
"142","10.1016/j.agee.2004.08.002",242,"IA",43.3101,-95.1741,1994,7,NA,NA,NA,"19059"
"143","10.1016/j.agee.2004.08.002",242,"IA",41.214559,-91.537111,1994,7,NA,NA,NA,"19183"
"144","10.1016/j.agee.2004.08.002",242,"IA",42.9311,-93.5889,1994,7,NA,NA,NA,"19081"
"145","10.1016/j.agee.2004.08.002",242,"IA",42.754275,-92.5632,1994,7,NA,NA,NA,"19023"
"146","10.1016/j.agee.2004.08.002",242,"IA",42.9246,-95.539,1994,7,NA,NA,NA,"19141"
"147","10.1614/WS-04-129R1",243,"KS",39.135658,-96.621988,2001,3,NA,"split-plot",NA,"20161"
"148","10.1614/WS-04-129R1",243,"KS",38.887642,-99.324263,2001,3,NA,"split-plot",NA,"20051"
"149","10.1016/j.apsoil.2005.02.014",244,"IA",42.025037,-93.633931,1998,3,NA,NA,NA,"19169"
"150","10.1016/j.apsoil.2005.02.014",244,"IA",43.3101,-95.1741,1994,7,NA,NA,NA,"19059"
"151","10.1016/j.apsoil.2005.02.014",244,"IA",41.214559,-91.537111,1994,7,NA,NA,NA,"19183"
"152","10.1016/j.apsoil.2005.02.014",244,"IA",42.9311,-93.5889,1994,7,NA,NA,NA,"19081"
"153","10.1016/j.apsoil.2005.02.014",244,"IA",42.754275,-92.5632,1994,7,NA,NA,NA,"19023"
"154","10.1016/j.apsoil.2005.02.014",244,"IA",42.9246,-95.539,1994,7,NA,NA,NA,"19141"
"155","10.2136/sssaj2005.0129",245,"IA",41.393819,-95.00912,1996,4,NA,"split-plot",NA,"19029"
"156","10.2136/sssaj2005.0129",245,"IA",41.214559,-91.537111,1996,4,NA,"split-plot",NA,"19183"
"157","10.2136/sssaj2005.0129",245,"IA",42.9311,-93.5889,1996,4,NA,"split-plot",NA,"19081"
"158","10.2136/sssaj2005.0129",245,"IA",42.754275,-92.5632,1996,4,NA,"split-plot",NA,"19023"
"159","10.2136/sssaj2005.0129",245,"IA",42.9246,-95.539,1996,4,NA,"split-plot",NA,"19141"
"160","10.2136/sssaj2005.0249",246,"KS",39.192921,-96.593088,1990,13,NA,"split-plot",NA,"20161"
"161","10.2136/sssaj2005.0083",247,"IN",40.471009,-86.992263,1980,24,NA,"split-plot",NA,"18157"
"162","10.2134/agronj2005.0177",248,"IA",43,-92.5,2002,3,NA,"split-plot",NA,"19037"
"163","10.1201/9781420032291.ch8",249,"MN",45.68722222,-95.79916667,1998,1,NA,NA,NA,"27149"
"164","10.1016/j.still.2005.04.013",250,"OH",39.821986,-83.652406,1962,35,NA,NA,NA,"39023"
"165","10.1016/j.still.2005.04.013",250,"OH",40.08333333,-82,1962,35,NA,NA,NA,"39119"
"166","10.2134/jeq2005.0183",251,"IA",42.02008,-93.77008,1995,10,NA,NA,NA,"19015"
"167","10.1890/1051-0761(2006)016[1619:PETCOS]2.0.CO;2",252,"MI",42.4,-85.4,2003,1,NA,NA,NA,"26077"
"168","10.1016/j.still.2005.07.015",253,"MN",44.75,-93.06666667,1980,23,NA,"split-plot",NA,"27037"
"169","10.1016/j.still.2006.07.004",254,"MN",45.68722222,-95.79916667,1998,1,NA,NA,NA,"27149"
"170","10.13031/2013.23633",255,"IA",42.936471,-92.569974,1990,16,NA,"split-plot",NA,"19067"
"171","4abc",256,"MN",44.05,-93.51666667,2003,2,NA,"split-plot",NA,"27161"
"172","4abc",256,"MN",44.086155,-93.503646,1997,8,NA,"split-plot",NA,"27161"
"173","4abc",256,"MN",44.086155,-93.503646,1997,8,NA,"split-plot",NA,"27161"
"174","10.2134/agronj2006.0261",257,"NE",41.18,-96.47777778,1996,8,NA,"split-plot",NA,"31155"
"175","10.1094/ PDIS-91-8-0973",258,"IA",42.027177,-93.646498,1995,4,NA,NA,NA,"19169"
"176","10.1016/j.still.2006.12.004",259,"IN",40.471009,-86.992263,1975,30,NA,"split-plot",NA,"18157"
"177","10.1016/j.still.2007.02.007",260,"IN",40.471009,-86.992263,1975,29,NA,"split-plot",NA,"18157"
"178","10.2134/agronj2007.0012",261,"IA",43,-92.5,2002,3,NA,"split-plot",NA,"19037"
"179","10.2134/agronj2006.0364",262,"MN",45.68722222,-95.79916667,2002,4,NA,"split-plot",NA,"27149"
"180","10.1080/01904160802403102",263,"OH",41.21666667,-83.76666667,2001,5,NA,"split-plot",NA,"39173"
"181","10.2136/sssaj2007.0233",264,"OH",42.88888889,-82.80388889,1977,30,NA,NA,NA,"26099"
"182","10.2136/sssaj2007.0233",264,"OH",42.90388889,-83.66694444,1992,15,NA,NA,NA,"26049"
"183","10.2134/jeq2007.0392",265,"WI",42.849099,-90.703776,1993,14,NA,"split-plot",NA,"55043"
"184","10.1016/j.still.2008.04.012",266,"OH",40.03333333,-83.04166667,1994,14,NA,NA,NA,"39049"
"185","10.13031/2013.25954",267,"KS",39.39,-101.07,2004,4,NA,NA,NA,"20193"
"186","10.2136/sssaj2007.0336",268,"IN",40.089892,-86.163565,1976,30,NA,NA,NA,"18057"
"187","10.2136/sssaj2007.0336",268,"IN",40.089892,-86.163565,1996,10,NA,NA,NA,"18057"
"188","10.2136/sssaj2007.0336",268,"IN",40.089892,-86.163565,1983,23,NA,NA,NA,"18057"
"189","10.2136/sssaj2007.0336",268,"OH",40.192915,-82.948681,1988,18,NA,NA,NA,"39041"
"190","10.2136/sssaj2007.0336",268,"OH",40.192915,-82.948681,2001,5,NA,NA,NA,"39041"
"191","10.2136/sssaj2007.0336",268,"OH",40.192915,-82.948681,1991,15,NA,NA,NA,"39041"
"192","10.2136/sssaj2007.0336",268,"PA",40.705744,-77.908516,1997,9,NA,NA,NA,"42061"
"193","10.2136/sssaj2007.0184",269,"SD",44.23472222,-96.68388889,2001,1,NA,NA,NA,"46011"
"194","10.2136/sssaj2007.0184",269,"SD",44.23472222,-96.68388889,1993,10,NA,NA,NA,"46011"
"195","10.1016/j.still.2008.11.008",270,"OH",39.75,-83.68388889,1962,43,NA,NA,NA,"39057"
"196","10.1016/j.still.2009.03.006",271,"OH",41.01777778,-81.6775,2002,6,NA,NA,NA,"39153"
"197","10.1016/j.still.2009.03.001",272,"OH",39.75,-83.68388889,1962,43,NA,NA,NA,"39057"
"198","10.1016/j.geoderma.2008.11.036",273,"OH",42.88888889,-82.80388889,1976,30,NA,NA,NA,"26099"
"199","10.1016/j.geoderma.2008.11.036",273,"OH",42.90388889,-83.66694444,1991,15,NA,NA,NA,"26049"
"200","10.1016/j.still.2008.11.004",274,"OH",40.03333333,-83.04166667,1994,14,NA,NA,NA,"39049"
"201","10.1016/j.still.2010.02.005",275,"OH",40.58333333,-81.11833333,1964,43,NA,NA,NA,"39019"
"202","10.1016/j.still.2010.02.005",275,"OH",39.75,-83.6,1962,45,NA,NA,NA,"39097"
"203","10.2136/sssaj2009.0362",276,"NE",40.812477,-96.807462,1986,19,NA,"split-plot",NA,"31109"
"204","10.5433/1679-0359.2011v32n3p983",277,"IN",86.91666667,-40.43333333,1980,15,NA,"split-plot",NA,NA
"205","10.2136/sssaj2009.0147",278,"IN",86.91666667,-40.43333333,1975,30,NA,"split-plot",NA,NA
"206","10.1016/j.still.2010.11.003",280,"MO",38.53,-92.12,1991,18,NA,"split-plot",NA,"29051"
"207","10.1016/j.still.2011.03.005",281,"NE",40.843,-96.465,1986,14,NA,"split-plot",NA,"31109"
"208","10.2134/jeq2011.0039",282,"MN",44.75,-93.06666667,1990,20,NA,NA,NA,"27037"
"209","10.1039/c1em10120j",283,"IA",42.936471,-92.569974,2000,5,NA,NA,NA,"19067"
"210","10.2136/sssaj2010.0334",284,"OH",41.21666667,-83.76666667,1963,44,NA,NA,NA,"39173"
"211","10.2134/agronj2011.0043",285,"IA",42.025037,-93.633931,2004,5,NA,"split-split plot",NA,"19169"
"212","10.2134/agronj2011.0043",285,"WI",43.334759,-89.37113,1987,22,NA,"split-split plot",NA,"55021"
"213","10.2136/sssaj2012.0098",286,"OH",41.48333333,-84.15,1964,47,NA,NA,NA,"39069"
"214","10.2136/sssaj2012.0098",286,"OH",40.41666667,-83.25,1962,49,NA,NA,NA,"39159"
"215","10.1016/j.still.2013.01.004",287,"IA",43.65,-95.78333333,2004,4,NA,NA,NA,"27105"
"216","10.1016/j.agee.2013.03.014",288,"OH",40.03333333,-83.04166667,1994,17,NA,NA,NA,"39049"
"217","10.1016/j.agee.2013.02.003",289,"IA",42.01666667,-93.75,1979,27,NA,NA,NA,"19015"
"218","10.1016/j.still.2013.05.013",290,"IA",42.01666667,-93.75,1979,27,NA,NA,NA,"19015"
"219","10.2134/agronj2013.0181",291,"MN",44.05,-93.51666667,2008,4,NA,"split-plot",NA,"27161"
"220","10.2134/agronj2013.0181",291,"MN",44.23333333,-95.3,2008,4,NA,"split-plot",NA,"27127"
"221","10.1080/0038768.2013.878643",292,"OH",40.03333333,-83.04166667,1994,9,NA,NA,NA,"39049"
"222","10.1007/s00374-013-0866-7",293,"OH",40.80575,-82.974545,1997,13,NA,NA,NA,"39033"
"223","10.1007/s00374-013-0866-7",293,"OH",40.301878,-82.698026,1974,36,NA,NA,NA,"39083"
"224","10.1007/s00374-013-0866-7",293,"OH",40.546167,-82.81893,2001,9,NA,NA,NA,"39117"
"225","10.1007/s00374-013-0866-7",293,"OH",40.814391,-81.932647,1962,48,NA,NA,NA,"39169"
"226","10.2134/jeq2013.10.0431",294,"NE",42.383827,-96.989108,1985,28,NA,"split-split-plot",NA,"31051"
"227","10.2134/jeq2013.10.0431",294,"NE",40.524789,-98.061015,1986,27,NA,"split-plot",NA,"31035"
"228","10.2489/jswc.69.9.574",295,"IA",42.01666667,-93.75,2002,10,NA,"split-plot",NA,"19015"
"229","10.2489/jswc.69.9.574",296,"OH",40.03333333,-83.04166667,1994,9,NA,NA,NA,"39049"
"230","10.2489/jswc.69.9.543",297,"OH",41.19127,-83.790533,1987,10,NA,"split-plot",NA,"39173"
"231","10.2489/jswc.69.9.543",297,"OH",40.814391,-81.932647,1962,30,NA,"split-plot",NA,"39169"
"232","10.1111/ejss.12205",298,"OH",40.4,-81.8,1970,42,NA,NA,NA,"39031"
"233","10.2136/sssaj2014.08.0337",299,"MN",44.05,-93.51666667,2008,4,NA,"split-plot",NA,"27161"
"234","10.2136/sssaj2014.07.0273",300,"IL",40.048766,-88.236268,2011,2,NA,NA,NA,"17019"
"235","10.2136/sssaj2014.07.0273",300,"MI",42.628551,-84.434808,2011,2,NA,NA,NA,"26065"
"236","Unavailable",301,"OH",39.04166667,-83.03333333,2000,7,NA,NA,NA,"39131"
"237","10.1016/j.apsoil.2015.01.007",302,"IA",42,-93.133333,2010,3,NA,"split-split plot",NA,"19127"
"238","10.2134/agronj14.0535",303,"MN",44.05,-93.51666667,2008,4,NA,"split-plot",NA,"27161"
"239","10.2134/agronj14.0535",303,"MN",44.23333333,-95.3,2008,4,NA,"split-plot",NA,"27127"
"240","10.2134/agronj14.0470",304,"IA",42.0204,-93.7738,2003,11,NA,"split-plot",NA,"19015"
"241","10.2134/agronj14.0470",304,"IA",43.3101,-95.1741,2003,11,NA,"split-plot",NA,"19059"
"242","10.2134/agronj14.0470",304,"IA",41.2033,-91.486,2003,11,NA,"split-plot",NA,"19183"
"243","10.2134/agronj14.0470",304,"IA",42.9311,-93.5889,2003,11,NA,"split-plot",NA,"19081"
"244","10.2134/agronj14.0470",304,"IA",40.9733,-93.4228,2003,11,NA,"split-plot",NA,"19117"
"245","10.2134/agronj14.0470",304,"IA",42.9327,-92.5632,2003,11,NA,"split-plot",NA,"19067"
"246","10.2134/agronj14.0470",304,"IA",42.9246,-95.539,2003,11,NA,"split-plot",NA,"19141"
"247","10.2136/sssaj2015.01.0039",305,"IA",42.01055556,-93.73361111,2008,3,NA,"split-split plot",NA,"19015"
"248","10.2136/sssaj2015.01.0039",305,"IA",41.33138889,-95.18333333,2008,3,NA,"split-split plot",NA,"19155"
"249","10.1016/j.still.2015.03.005",306,"IL",41.91666667,-88.75,2005,8,NA,"split-split plot",NA,"17037"
"250","10.1016/j.still.2015.03.005",306,"IL",40.9,-90.633333,2005,8,NA,"split-split plot",NA,"17187"
"251","10.1016/j.still.2015.03.005",306,"IL",39.76666667,-90.73333333,2005,8,NA,"split-split plot",NA,"17149"
"252","10.1016/j.still.2015.03.005",306,"IL",40.1,-88.2,2005,8,NA,"split-split plot",NA,"17019"
"253","10.1016/j.geoderma.2015.04.002",307,"IL",41.91666667,-88.75,2005,8,NA,"split-split plot",NA,"17037"
"254","10.1016/j.geoderma.2015.04.002",307,"IL",40.9,-90.633333,2005,8,NA,"split-split plot",NA,"17187"
"255","10.1016/j.geoderma.2015.04.002",307,"IL",39.76666667,-90.73333333,2005,8,NA,"split-split plot",NA,"17149"
"256","10.1016/j.geoderma.2015.04.002",307,"IL",40.1,-88.2,2005,8,NA,"split-split plot",NA,"17019"
"257","10.1007/s12155-015-9586-1",308,"MN",44.23333333,-95.3,2008,3,NA,"split-plot",NA,"27127"
"258","10.1007/s12155-015-9586-1",308,"MN",44.05,-93.51666667,2008,3,NA,"split-plot",NA,"27161"
"259","10.2134/agronj15.0085",309,"NE",40.5,-96.3,1986,28,NA,"split-plot",NA,"31097"
"260","10.1016/j.still.2015.06.015",310,"MI",42.4,-85.4,2011,3,NA,"split-strip-plot",2,"26077"
"261","10.1016/j.still.2015.06.015",310,"MI",42.62933333,-92.18138889,2011,3,NA,"split-strip-plot",2,"19013"
"262","10.1016/S0167-1987(97)00041-X",311,"IL",37.701145,-89.242604,1989,5,NA,"split-plot",NA,"17077"
"263","10.1016/j.still.2015.05.006",312,"NE",40.84555556,-96.47166667,1981,34,NA,NA,NA,"31109"
"264","10.2134/agronj2015.0331",313,"WI",43.334759,-89.37113,1987,26,NA,"split-split plot",NA,"55021"
"265","10.1016/j.still.2013.09.003",314,"OH",40.03333333,-83.04166667,1994,18,NA,NA,NA,"39049"
"266","10.1515/intag-2015-0030",315,"MI",38.97111111,-92.18138889,2011,3,NA,NA,NA,"29019"
"267","10.1080/00103624.2016.1194993",316,"OH",39.75,-83.6,1962,50,NA,NA,NA,"39097"
"268","10.2134/agronj2015.0363",317,"IA",42.03472222,-93.61972222,2003,11,NA,"split-plot",NA,"19169"
"269","10.2134/agronj2015.0363",317,"IA",43.3101,-95.1741,2003,11,NA,"split-plot",NA,"19059"
"270","10.2134/agronj2015.0363",317,"IA",41.24416667,-91.56222222,2003,11,NA,"split-plot",NA,"19183"
"271","10.2134/agronj2015.0363",317,"IA",42.9311,-93.5889,2003,11,NA,"split-plot",NA,"19081"
"272","10.2134/agronj2015.0363",317,"IA",41.01388889,-93.69,2003,11,NA,"split-plot",NA,"19039"
"273","10.2134/agronj2015.0363",317,"IA",42.95277778,-92.53638889,2003,11,NA,"split-plot",NA,"19037"
"274","10.2134/agronj2015.0363",317,"IA",42.9246,-95.539,2003,11,NA,"split-plot",NA,"19141"
"275","10.1111/gcb.12216",318,"MI",42.1,-85.31666667,2009,1,NA,NA,NA,"26077"
"276","10.1614/WT-D-16-00061.1",319,"MO",39.010489,-92.345304,2014,2,NA,"split-plot",NA,"29019"
"277","10.1614/WT-D-16-00061.1",319,"OH",39.897489,-83.809074,2014,2,NA,"split-plot",NA,"39023"
"278","10.1614/WT-D-16-00061.1",319,"WI",43.465075,-89.326398,2014,2,NA,"split-plot",NA,"55021"
"279","10.1614/WT-D-16-00061.1",319,"TN",35.605025,-88.827518,2014,2,NA,"split-plot",NA,"47113"
"280","10.1614/WT-D-16-00061.1",319,"MO",39.453221,-92.512262,2014,2,NA,"split-plot",NA,"29175"
"281","10.1614/WT-D-16-00061.1",319,"IL",38.488805,-89.965375,2014,2,NA,"split-plot",NA,"17163"
"282","10.1614/WT-D-16-00061.1",319,"IN",40.429847,-86.907109,2014,2,NA,"split-plot",NA,"18157"
"283","10.1614/WT-D-16-00061.1",319,"AR",35.999599,-94.222684,2014,2,NA,"split-plot",NA,"05143"
"284","10.1080/01904167.2016.1264594",320,"SD",44.33472222,-96.78972222,2000,11,NA,NA,NA,"46011"
"285","10.2134/agronj2016.09.0507",321,"MI",42.4,-85.4,2011,4,NA,"split-split-plot",NA,"26077"
"286","10.2135/cropsci2016.09.0792",322,"WI",43.18,-89.2,1987,28,NA,"split-split-plot",NA,"55025"
"287","10.1111/gcb.13637",323,"NE",41.16202778,-96.41166667,2002,14,NA,"split-plot",NA,"31155"
"288","10.2136/sssaj2016.14.0121",324,"SD",43.04944444,-96.89166667,1991,23,NA,NA,NA,"46027"
"289","10.1016/j.still.2017.03.001",325,"NE",40.843,-96.465,1980,35,NA,NA,NA,"31109"
"290","10.2136/sssaj1998.03615995006200060031x",326,"IL",41.918689,-88.755928,1985,11,NA,NA,NA,"17037"
"291","10.2136/sssaj1998.03615995006200060031x",326,"IL",40.923421,-90.648975,1985,11,NA,NA,NA,"17187"
"292","10.2136/sssaj1998.03615995006200060031x",326,"IL",39.782266,-90.746721,1985,11,NA,NA,NA,"17149"
