,DOI,Paper_id,State,Latitude,Longitude,Year_start,Years_num,Annual_precip,Reps,Review,GEOID
1,10.1097/SS.0b013e3181cf7959,1,IL,37.44,-88.67,2001,8,617,6,Cover Crop,17151
2,10.1016/j.agwat.2012.03.010,2,IA,42.05,-93.71,2006,5,856,4,Cover Crop,19015
3,10.4137/ASWR.S30708,3,IL,40.64,-88.78,2012,3,NA,3,Cover Crop,17113
4,10.1016/j.agee.2015.10.014,4,IL,39.54,-88.43,2011,2,1015,2,Cover Crop,17029
5,10.1016/j.agee.2015.10.014,4,IL,41.55,-88.56,2011,2,1015,2,Cover Crop,17093
6,10.1016/j.agee.2015.10.014,4,IL,39.27,-89.03,2011,2,1015,2,Cover Crop,17173
7,10.1016/j.agee.2015.10.014,4,IL,39.27,-89.03,2011,2,1015,2,Cover Crop,17173
8,10.1017/wet.2017.30,5,OH,40.15,-83.02,2013,1,NA,4,Cover Crop,39041
9,10.1017/wet.2017.30,5,OH,40.15,-83.02,2014,1,NA,4,Cover Crop,39041
10,10.1017/wet.2017.30,5,IN,40.02,-86.33,2013,1,NA,4,Cover Crop,18011
11,10.1017/wet.2017.30,5,IN,40.02,-86.33,2014,1,NA,4,Cover Crop,18011
12,10.1017/wet.2017.30,5,TN,35.82,-86.77,2013,1,NA,4,Cover Crop,47187
13,10.1017/wet.2017.30,5,TN,35.82,-86.77,2014,1,NA,4,Cover Crop,47187
14,10.1017/wet.2017.30,5,IL,40.35,-89.26,2013,1,NA,4,Cover Crop,17113
15,10.1017/wet.2017.30,5,IL,40.35,-89.26,2014,1,NA,4,Cover Crop,17113
16,10.1017/wet.2017.30,5,IL,40.35,-89.26,2014,1,NA,4,Cover Crop,17113
17,10.1017/wet.2017.30,5,AR,34.75,-92.45,2013,1,NA,4,Cover Crop,5119
18,10.1017/wet.2017.30,5,AR,34.75,-92.45,2014,1,NA,4,Cover Crop,5119
19,10.1017/wet.2017.30,5,MO,38.45,-92.69,2013,1,NA,4,Cover Crop,29141
20,10.1017/wet.2017.30,5,MO,38.45,-92.69,2014,1,NA,4,Cover Crop,29141
21,10.1017/S0890037X00027834,6,MO,38.96,-92.33,1989,2,NA,4,Cover Crop,29019
22,10.1016/j.agee.2009.05.008,7,IA,42.02,-93.45,2005,2,835,4,Cover Crop,19169
23,10.1614/WS-D-11-00192.1,8,IN,40.45,-86.92,2006,2,NA,6,Cover Crop,18157
24,10.1614/WS-D-11-00192.1,8,IN,38.68,-87.52,2006,2,NA,6,Cover Crop,18083
25,http://www.jstor.org/stable/25085273,9,OH,39.82,-83.64,1987,2,NA,3,Cover Crop,39023
26,http://www.jstor.org/stable/25085273,9,OH,41.28,-83.84,1987,1,NA,4,Cover Crop,39173
27,http://www.jstor.org/stable/25085273,9,OH,38.74,-83.84,1987,2,NA,4,Cover Crop,39015
28,Unavailable,10,IA,42.02,-93.45,1990,6,NA,5,Cover Crop,19169
29,Unavailable,11,NE,41.16,-96.54,1994,1,NA,3,Cover Crop,31155
30,Unavailable,11,NE,41.16,-96.54,1995,1,NA,4,Cover Crop,31155
31,10.2134/jeq2000.00472425002900010037x,12,MI,41.84,-85.66,1995,3,NA,4,Cover Crop,26149
32,Unavailable,13,IA,42.02,-93.45,1994,3,NA,5,Cover Crop,19169
33,10.2134/jeq2004.1010,14,MN,44.23,-95.27,1998,3,670,4,Cover Crop,27127
34,10.1007/s10705-010-9345-9,15,IA,42.05,-93.94,2005,2,NA,4,Cover Crop,19015
35,10.1603/EN10041,16,SD,44.348,-96.811,2007,2,NA,6 to 8,Cover Crop,46011
36,10.1016/j.agwat.2010.11.004,17,IA,42.75,-94.7,2006,3,NA,4,Cover Crop,19151
37,10.2134/jeq2011.0151,18,IA,42.75,-94.7,2005,4,NA,4,Cover Crop,19151
38,10.1603/EN11168,19,MN,46.01,-94.57,2005,1,NA,22,Cover Crop,27097
39,10.2136/sssaj2013.02.0074,20,IA,42.02,-93.77,2009,3,872,4,Cover Crop,19015
40,10.2489/jswc.68.6.438,21,MN,46.21,-95.48,2008,1,NA,1,Cover Crop,27111
41,10.1080/21683565.2014.901275,22,WI,43.18,-89.21,2010,2,NA,4,Cover Crop,55025
42,10.2489/jswc.69.6.564,23,IN,39.1,-85.9,2012,1,118.6,2,Cover Crop,18005
43,10.2489/jswc.69.6.564,23,IA,42.03,-94,2012,1,90.7,2,Cover Crop,19015
44,10.2489/jswc.69.6.564,23,IA,43.25,-94.83,2012,1,84.7,2,Cover Crop,19147
45,10.1007/s12665-014-3353-z,24,OH,40.17,-84.13,2012,1,110,1,Cover Crop,39109
46,10.1111/gcbb.12096,25,IA,41.55,-93.45,2008,4,NA,4,Cover Crop,19153
47,10.2134/agronj2009.0144,26,OH,40,-83.02,2006,2,98,4,Cover Crop,39049
48,10.1515/intag-2015-0030,27,MO,38.97,-92.18,2011,3,990.6,3,Cover Crop,29019
49,10.2136/sssaj2015.02.0084,28,IA,41.2,-91.49,2009,3,NA,4,Cover Crop,19183
50,10.2136/sssaj2015.02.0084,28,IA,42.93,-92.58,2009,3,NA,4,Cover Crop,19067
51,10.2136/sssaj2015.02.0084,28,IA,42.01,-93.78,2009,3,NA,4,Cover Crop,19015
52,10.2136/sssaj2015.02.0084,28,IA,41.31,-95.18,2009,3,NA,4,Cover Crop,19155
53,10.1111/afe.12099,29,MN,43.67,-92.98,2006,2,NA,4,Cover Crop,27099
54,10.1111/afe.12099,29,MN,44.75,-93.06,2006,1,NA,4,Cover Crop,27037
55,10.1111/afe.12099,29,MN,44.23,-95.27,2006,2,NA,4,Cover Crop,27127
56,10.1111/afe.12099,29,MN,47.08,-96.51,2006,1,NA,3,Cover Crop,27027
57,10.2134/jeq2015.02.0080,30,IA,42.01,-93.78,2010,4,935,4,Cover Crop,19015
58,10.2135/cropsci2005.09.0306,31,IL,40.11,-88.2,2002,2,NA,4,Cover Crop,17019
59,10.2136/sssaj2013.09.0403,32,IL,40.063,-88.23,2009,1,NA,4,Cover Crop,17019
60,10.2134/agronj13.0370,33,IL,40.09,-88.23,2010,2,NA,2,Cover Crop,17019
61,10.2134/agronj2004.0800,34,IL,40.11,-88.2,2001,2,NA,4,Cover Crop,17019
62,10.2134/agronj2004.0800,34,IL,39,-88.95,2001,2,NA,4,Cover Crop,17051
63,10.2134/agronj2005.0052,35,WI,44.07,-89.32,2001,3,769,4,Cover Crop,55137
64,10.2136/sssaj2005.0095,36,IA,42.01,-93.78,1996,7,NA,10,Cover Crop,19015
65,10.2134/jeq2005.0183,37,IA,42.01,-93.78,2003,2,NA,10,Cover Crop,19015
66,0.2134/agronj2016.10.0613,38,IL,44.1,-88.39,2014,2,NA,4,Cover Crop,55015
67,10.1016/j.fcr.2016.06.016,39,IA,41.92,-93.75,2009,6,935,4,Cover Crop,19015
68,10.1016/j.agee.2016.07.003,40,MI,42.4,-85.37,2013,2,NA,5,Cover Crop,26077
69,10.1016/j.agee.2016.07.003,40,WI,43.3,-89.33,2013,2,NA,5,Cover Crop,55021
70,10.1007/s12155-017-9858-z,41,NE,48.846,-96.472,2014,3,860,4,Cover Crop,27069
71,10.1007/s12155-017-9858-z,41,NE,40.582,-98.144,2014,3,688,4,Cover Crop,31035
72,10.1017/wet.2017.23,42,MO,39.3,-92.37,2013,3,1098,5,Cover Crop,29175
73,10.1017/wet.2017.23,42,MO,38.9,-92.37,2013,3,1176,4,Cover Crop,29019
74,10.1093/ee/nvw177,43,IA,42.03,-94,2011,3,NA,2,Cover Crop,19015
75,10.1093/ee/nvw177,43,IA,43.25,-94.83,2011,3,NA,2,Cover Crop,19147
76,10.1097/SS.0000000000000187,44,IA,41.55,-93.45,2013,1,NA,4,Cover Crop,19153
77,10.1016/j.still.2015.06.015,45,MI,42.63,-84.44,2012,2,977,2,Cover Crop,26065
78,10.1016/j.still.2015.06.015,45,MI,42.24,-85.24,2012,2,1027,2,Cover Crop,26025
79,10.2135/cropsci2005.09-0296,46,MN,44.75,-93.06,2002,2,NA,8,Cover Crop,27037
80,10.2135/cropsci2005.09-0296,46,MN,44.08,-93.51,2002,2,NA,8,Cover Crop,27161
81,10.2135/cropsci2005.09-0296,46,MN,44.23,-95.27,2002,2,NA,8,Cover Crop,27127
82,10.1016/j.agwat.2016.04.006,47,IA,42.05,-93.71,2008,7,NA,4,Cover Crop,19015
83,10.2134/jeq2013.12.0529,48,IL,40.69,-88.78,2012,2,NA,3,Cover Crop,17113
84,10.1094/PDIS-07-16-1067-RE,49,IL,40.06,-88.24,2011,3,NA,4,Cover Crop,17019
85,10.1094/PDIS-07-16-1067-RE,49,IL,39.92,-88.57,2011,3,NA,4,Cover Crop,17147
86,10.1094/PDIS-07-16-1067-RE,49,IL,40.47,-90.69,2011,3,NA,3,Cover Crop,17109
87,10.1094/PDIS-07-16-1067-RE,49,IL,40.55,-90.87,2011,3,NA,4,Cover Crop,17109
88,10.2489/jswc.68.5.411,50,WI,43.2,-89.43,2002,5,NA,4,Cover Crop,55025
89,10.2489/jswc.70.6.353,51,IA,42.02,-93.77,2006,4,856,3,Cover Crop,19015
90,10.2136/sssaj2014.10.0399,52,SD,44.3,-96.79,2008,4,500,3,Cover Crop,46011
91,10.1007/s12155-014-9413-0,53,SD,44.3,-96.79,2008,4,500,3,Cover Crop,46011
92,10.2489/jswc.72.3.260,54,IN,39.03,-85.54,2011,5,NA,4,Cover Crop,18079
93,10.2134/agronj1997.00021962008900010011x,55,NE,41.15,-96.5,1991,3,NA,3,Cover Crop,31155
94,10.2134/jpa1991.0062,56,NE,40.82,-96.69,1982,3,NA,4,Cover Crop,31109
95,10.2134/agronj1995.00021962008700060006x,57,WI,43.34,-89.37,1991,2,NA,3,Cover Crop,55021
96,Unavailable,58,MO,38.94,-91.94,1986,2,NA,2,Cover Crop,29027
97,10.2136/sssaj2015.10.0363,120,NE,42.38333333,-96.93333333,2008,1,NA,4,Nutrient Management,31051
98,10.2136/sssaj2015.10.0363,120,NE,42.63333333,-96.15138889,2009,1,NA,4,Nutrient Management,19149
99,10.2136/sssaj2015.10.0363,120,NE,42.58333333,-97.15055556,2009,1,NA,4,Nutrient Management,31027
100,10.2489/jswc.72.3.183,121,IA,42.025546,-93.631183,2012,2,NA,3,Nutrient Management,19169
101,10.2489/jswc.72.3.183,121,IA,42.934528,-93.79413,2012,2,NA,3,Nutrient Management,19081
102,10.2489/jswc.72.3.183,121,IA,42.948564,-92.541708,2012,2,NA,3,Nutrient Management,19037
103,10.2489/jswc.72.3.183,121,IA,42.054888,-95.367893,2012,2,NA,3,Nutrient Management,19047
104,10.2489/jswc.72.3.183,121,IA,41.397295,-95.011862,2012,2,NA,3,Nutrient Management,19029
105,10.2489/jswc.72.3.183,121,IA,41.018288,-93.304872,2012,1,NA,3,Nutrient Management,19117
106,10.2134/jeq2016.01.0024,122,MN,44.1525,-93.28333333,2014,2,542,4,Nutrient Management,27147
107,10.2134/agronj13.0441,123,IL,40.09105,-88.22722222,2007,3,NA,4,Nutrient Management,17019
108,10.2134/agronj13.0441,123,IA,42.01027778,-93.74222222,2007,3,NA,4,Nutrient Management,19015
109,10.2134/agronj13.0441,123,KS,39.09333333,-95.94083333,2007,1,NA,4,Nutrient Management,20177
110,10.2134/agronj13.0441,123,KS,39.09777778,-95.82583333,2008,2,NA,4,Nutrient Management,20177
111,10.2134/agronj2013.0043,124,IN,40.46861111,-87.00694444,2010,2,970,6,Nutrient Management,18157
112,10.2134/agronj2013.0043,124,IN,41.44472222,-86.94472222,2011,1,980,6,Nutrient Management,18127
113,10.2134/jeq2011.0240,125,MN,45.38333333,-95.88333333,2009,2,531,4,Nutrient Management,27151
114,10.2134/agronj2005.0615,126,IA,42.054888,-95.367893,1999,2,NA,4,Nutrient Management,19047
115,10.2134/agronj2005.0615,126,IA,42.934528,-93.79413,1999,2,NA,4,Nutrient Management,19081
116,10.2134/agronj2005.0615,126,IA,41.305731,-95.082553,1999,2,NA,4,Nutrient Management,19029
117,10.2134/agronj2005.0615,126,IA,42.948564,-92.541708,1999,2,NA,4,Nutrient Management,19037
118,10.2134/agronj2005.0615,126,IA,42.971944,-95.495911,1999,2,NA,4,Nutrient Management,19141
119,10.2134/agronj2003.0339,127,NE,40.778494,-98.730772,1994,4,NA,5,Nutrient Management,31019
120,10.2134/agronj2004.5020,128,MN,44.1,-93.86666667,1997,3,NA,4,Nutrient Management,27013
121,10.2134/jpa1999.0293,129,NE,40.525064,-98.061138,1993,2,NA,NA,Nutrient Management,31035
122,10.2134/agronj2004.1412,130,KS,39.193819,-96.584607,2000,2,NA,3,Nutrient Management,20161
123,10.1080/01904169809365488,131,IL,40.777092,-89.188376,1993,1,NA,4,Nutrient Management,17203
124,10.1080/01904169809365488,131,IL,40.446593,-89.108585,1993,1,NA,4,Nutrient Management,17113
125,10.1080/01904169809365488,131,IL,41.497189,-88.943739,1993,1,NA,4,Nutrient Management,17099
126,10.1080/01904169809365488,131,IL,40.777092,-89.188376,1993,1,NA,4,Nutrient Management,17203
127,10.1080/01904169809365488,131,IL,41.497189,-88.943739,1993,1,NA,4,Nutrient Management,17099
128,10.1080/01904169809365488,131,IL,40.446593,-89.108585,1993,1,NA,4,Nutrient Management,17113
129,10.1007/s11104-004-0272-x,132,IL,40.09083333,-88.22833333,2001,2,1041,4,Nutrient Management,17019
130,10.2134/agronj2004.0303,133,KS,38.25027778,-98.62166667,2001,2,NA,4,Nutrient Management,20185
131,10.2134/agronj2004.0304,133,KS,39.11638889,-95.92777778,2001,2,NA,4,Nutrient Management,20177
132,10.2134/agronj2004.0305,133,KS,39.77305556,-97.78861111,2001,2,NA,4,Nutrient Management,20157
133,10.2134/agronj2004.0306,133,KS,39.13388889,-96.61916667,2001,2,NA,4,Nutrient Management,20161
134,10.2134/agronj2006.0172,134,IA,42.223992,-93.750762,1998,4,NA,3.5,Nutrient Management,19079
135,10.2134/agronj2006.0173,134,IA,42.223992,-93.750762,1998,4,NA,3.5,Nutrient Management,19079
136,10.2134/agronj2006.0174,134,IA,42.223992,-93.750762,1998,4,NA,3.5,Nutrient Management,19079
137,10.2134/agronj2006.0175,134,IA,42.223992,-93.750762,1999,3,NA,3.5,Nutrient Management,19079
138,10.2134/agronj2006.0176,134,IA,42.223992,-93.750762,1999,3,NA,3.5,Nutrient Management,19079
139,10.2134/agronj2006.0177,134,IA,42.223992,-93.750762,1999,3,NA,3.5,Nutrient Management,19079
140,10.2134/agronj2007.0174,135,NE,40.97875,-98.59361111,2003,2,NA,3,Nutrient Management,31079
141,10.2134/agronj2007.0174,135,NE,41.32611111,-98.33555556,2003,2,NA,3,Nutrient Management,31093
142,10.2134/jeq2016.06.0237,136,MN,43.85437778,-93.72972222,2014,2,NA,4,Nutrient Management,27161
143,10.2134/jeq2017.03.0109,137,IL,38.2,-88.38333333,2002,3,NA,3,Nutrient Management,17065
144,10.2134/jpa1992.0142,138,IA,42.025546,-93.631183,1986,2,NA,3,Nutrient Management,19169
145,10.2134/jpa1992.0142,138,IA,42.931138,-93.793196,1986,2,NA,3,Nutrient Management,19081
146,10.2134/agronj1992.00021962008400030026x,139,IA,42.031276,-93.642463,1984,3,NA,NA,Nutrient Management,19169
147,10.2134/agronj1994.00021962008600060036x,140,OH,41.432898,-83.744318,1986,3,514,4,Nutrient Management,39173
148,10.2134/agronj1994.00021962008600060036x,140,OH,40.782085,-81.930526,1987,2,568,4,Nutrient Management,39169
149,10.2136/sssaj1997.03615995006100060022x,141,MN,44.417021,-92.730143,1982,3,NA,4,Nutrient Management,27049
150,10.2136/sssaj1997.03615995006100060022x,141,MN,44.078287,-93.524517,1982,3,NA,4,Nutrient Management,27161
151,10.2134/agronj1998.00021962009000050011x,142,NE,41.168422,-96.466542,1992,5,NA,4,Nutrient Management,31155
152,10.2134/agronj1998.00021962009000050011x,142,NE,40.525064,-98.061116,1992,5,NA,4,Nutrient Management,31035
153,10.2136/sssaj2002.0544,143,NE,40.544603,-98.029033,1994,3,NA,5,Nutrient Management,31035
154,10.2136/sssaj2002.0545,143,NE,41.056416,-100.757694,1994,3,NA,5,Nutrient Management,31111
155,10.2136/sssaj2002.0546,143,NE,40.888153,-99.012702,1994,4,NA,5,Nutrient Management,31019
156,10.2136/sssaj2002.0547,143,NE,40.888153,-99.012702,1994,3,NA,5,Nutrient Management,31019
157,10.2134/jpa1997.0300,144,MN,44.078287,-93.524517,1986,3,NA,4.5,Nutrient Management,27161
158,10.2134/agronj2013.0104,145,IA,42.04756111,-93.73083333,2008,3,NA,5,Nutrient Management,19015
159,10.1080/00103629309368895,150,IL,37.435063,-88.669049,1989,3,NA,8,Tillage,17151
160,10.1080/00103629409369033,151,IL,37.435063,-88.669049,1989,4,NA,8,Tillage,17151
161,10.1097/00010694-199812000-00007,152,IL,37.435063,-88.669049,1989,8,NA,6,Tillage,17151
162,10.1016/S0167-1987(98)00170-6,153,IL,40.099469,-88.224219,1995,2,NA,8,Tillage,17019
163,10.1016/S0167-1987(99)00054-9,154,IL,37.435063,-88.669049,1989,8,NA,6,Tillage,17151
164,10.2136/sssaj1999.6351335x,155,IL,37.435063,-88.669049,1989,8,NA,6,Tillage,17151
165,10.1016/j.still.2004.09.009,156,IL,37.435063,-88.669049,1989,12,NA,6,Tillage,17151
166,10.1016/S0167-1987(99)00051-3,157,IL,40.099469,-88.224219,1994,4,NA,8,Tillage,17019
167,10.1016/S0038-0717(00)00031-6,158,IL,40.099469,-88.224219,1995,3,NA,8,Tillage,17019
168,10.2134/agronj14.0465,159,IL,40.93055556,-90.72722222,1998,16,978,4,Tillage,17187
169,10.2134/agronj14.0465,159,IL,39.80111111,-90.82111111,1998,16,996,4,Tillage,17149
170,10.2134/agronj14.0549,160,IL,40.05927778,-88.22666667,2007,6,1051,3,Tillage,17019
171,10.2134/agronj2015.0397,161,IL,38.519179,-89.843248,1970,45,NA,4,Tillage,17163
172,10.2489/jswc.72.4.405,162,IL,38.519179,-89.843248,1970,45,NA,4,Tillage,17163
173,10.1016/0167-1987(86)90340-5,163,IN,40.423368,-86.914437,1967,7,NA,4,Tillage,18157
174,10.1016/0167-1987(86)90340-5,163,IN,40.423368,-86.914437,1967,7,NA,4,Tillage,18157
175,10.1016/0167-1987(86)90340-5,163,IN,40.423368,-86.914437,1975,NA,NA,4,Tillage,18157
176,10.1016/0167-1987(86)90340-5,163,IN,40.423368,-86.914437,1967,7,NA,4,Tillage,18157
177,10.1016/0167-1987(86)90340-5,163,IN,40.423368,-86.914437,1967,7,NA,4,Tillage,18157
178,10.1016/0167-1987(86)90340-5,163,IN,40.423368,-86.914437,1980,NA,NA,4,Tillage,18157
179,10.1016/0167-1987(86)90340-5,163,IN,40.423368,-86.914437,1967,7,NA,4,Tillage,18157
180,10.1093/jee/83.6.2455,164,MN,44.426459,-92.696272,1985,3,NA,4,Tillage,27049
181,10.1080/00103629109368552,165,IA,42.754275,-92.5632,1977,13,NA,3,Tillage,19023
182,10.1017/S0043174500071459,166,OH,40.814391,-81.932647,1962,25,NA,NA,Tillage,39169
183,10.1094/PD-75-0828,167,OH,40.781744,-81.930397,1985,2,NA,4,Tillage,39169
184,10.2134/agronj1991.00021962008300050016x,168,IA,42.030287,-93.642008,1975,11,NA,4,Tillage,19169
185,10.1093/ee/20.5.1251,169,OH,40.781744,-81.930397,1988,3,NA,4,Tillage,39169
186,10.1093/ee/21.2.388,170,MN,44.426459,-92.696272,1985,3,NA,4,Tillage,27049
187,10.1016/0167-1987(92)90069-N,171,IN,40.423368,-86.914437,1975,13,NA,3,Tillage,18157
188,10.1093/jee/85.3.853,172,OH,40.092325,-82.471684,1978,10,NA,50,Tillage,39089
189,10.1093/jee/85.3.853,172,OH,41.127824,-81.896217,1978,10,NA,50,Tillage,39103
190,10.13031/2013.28739,173,IA,42.027666,-93.640315,1982,4,NA,NA,Tillage,19169
191,10.13031/2013.28739,173,IA,42.027666,-93.640315,1983,3,NA,3,Tillage,19169
192,10.13031/2013.28739,173,IA,40.973243,-93.421985,1982,4,NA,NA,Tillage,19117
193,10.13031/2013.28739,173,IA,42.940167,-92.589052,1982,4,NA,NA,Tillage,19067
194,10.13031/2013.28739,173,IA,42.471,-93.718893,1981,4,NA,NA,Tillage,19079
195,10.2136/sssaj1993.03615995005700010023x,174,NE,41.166582,-96.200514,1985,4,NA,3,Tillage,31153
196,10.1080/00103629309368812,175,SD,44.282559,-96.687194,1987,2,NA,4,Tillage,46011
197,10.1080/00103629309368812,175,SD,43.079094,-96.77931,1987,3,NA,4,Tillage,46127
198,10.2136/sssaj1993.03615995005700020034x,176,OH,39.821986,-83.652406,1962,30,NA,4,Tillage,39023
199,10.2136/sssaj1993.03615995005700020034x,176,OH,40.814391,-81.932647,1962,30,NA,4,Tillage,39169
200,10.2136/sssaj1993.03615995005700040029x,177,OH,40.364689,-81.79006,1984,7,NA,2,Tillage,39031
201,10.1111/j.1570-7458.1993.tb01714.x,178,OH,40.781744,-81.930397,1988,3,NA,4,Tillage,39169
202,10.1016/0167-8809(94)90075-2,179,OH,40.781744,-81.930397,1988,3,NA,4,Tillage,39169
203,10.2136/sssaj1994.03615995005800020038x,180,OH,40.814391,-81.932647,1962,30,NA,3,Tillage,39169
204,10.1016/0167-1987(94)90082-5,181,MN,44.495406,-92.490903,1982,9,NA,2,Tillage,27049
205,10.1016/0167-1987(94)90081-7,182,MN,44.495406,-92.490903,1982,9,NA,3,Tillage,27049
206,10.2134/agronj1995.00021962008700030004x,183,MO,38.896683,-92.208102,1987,4,NA,4,Tillage,29019
207,10.2134/agronj1995.00021962008700030004x,183,MO,40.011961,-92.207631,1987,4,NA,4,Tillage,29103
208,10.1016/0167-1987(95)00470-D,184,MN,44.4,-93.31,1982,12,NA,4,Tillage,27131
209,10.2134/jpa1996.0241,185,IN,40.471009,-86.992263,1975,20,NA,3,Tillage,18157
210,10.1016/0167-1987(95)01004-1,186,OH,41.19127,-83.790533,1987,8,NA,3,Tillage,39173
211,10.13031/2013.27631,187,MO,38.947068,-91.934288,1982,12,NA,4,Tillage,29027
212,10.2134/jeq1996.00472425002500040010x,188,IA,42.936471,-92.569974,1977,16,NA,3,Tillage,19067
213,10.2134/agronj1999.914643x,189,NE,41.230068,-96.487949,1989,5,NA,3,Tillage,31155
214,10.1016/S0038-0717(96)00038-7,190,MO,38.896683,-92.208102,1991,3,NA,4,Tillage,29019
215,1abc,191,IA,40.673176,-94.762982,1994,1,NA,2,Tillage,19173
216,10.1016/S0261-2194(96)00104-4,192,OH,40.364689,-81.79006,1984,12,NA,4 to 6,Tillage,39031
217,10.1016/S0933-3630(96)00127-4,193,OH,39.821986,-83.652406,1962,30,NA,4,Tillage,39023
218,10.1016/S0933-3630(96)00127-4,193,OH,40.814391,-81.932647,1962,30,NA,4,Tillage,39169
219,10.1016/S0167-1987(98)00095-6,194,OH,41.19127,-83.790533,1987,10,NA,3,Tillage,39173
220,10.2134/agronj1998.00021962009000050011x,195,NE,40.524789,-98.061015,1990,5,NA,4,Tillage,31035
221,10.2134/agronj1998.00021962009000050011x,195,NE,41.168066,-96.466338,1990,5,NA,4,Tillage,31155
222,10.1016/S0038-0717(98)00041-8,196,WI,43.18,-89.21,1995,1,NA,4,Tillage,55025
223,10.1093/ee/27.5.1069,197,IA,41.214559,-91.537111,1993,2,NA,3,Tillage,19183
224,10.1093/ee/27.5.1069,197,IA,42.754275,-92.5632,1994,2,NA,3,Tillage,19023
225,10.2134/jpa1991.0571,198,MN,44.233777,-95.266521,1986,3,NA,4,Tillage,27127
226,10.2134/jpa1991.0571,198,MN,45.585733,-95.903245,1986,3,NA,4,Tillage,27149
227,10.2134/jpa1991.0571,198,MN,44.086155,-93.503646,1986,3,NA,4,Tillage,27161
228,10.1016/S0167-1987(98)00148-2,199,WI,43.11,-89.55,1989,6,NA,3,Tillage,55025
229,10.2136/sssaj1999.03615995006300010028x,200,IA,42.035415,-92.910422,1992,4,NA,6,Tillage,19127
230,10.2136/sssaj1999.03615995006300010028x,200,IA,42.035415,-92.910422,1992,4,NA,4,Tillage,19127
231,10.2136/sssaj1999.03615995006300010028x,200,IA,43.083384,-91.572964,1992,4,NA,6,Tillage,19005
232,10.1094/PHYTO.1999.89.3.204,201,MN,45.970464,-94.483954,1995,2,NA,NA,Tillage,27097
233,10.1094/PHYTO.1999.89.3.204,201,OH,40.492246,-83.34812,1995,2,NA,NA,Tillage,39159
234,10.1094/PHYTO.1999.89.3.204,201,MO,38.589083,-92.588032,1995,2,NA,NA,Tillage,29135
235,10.1094/PHYTO.1999.89.3.204,201,IN,40.310618,-86.199682,1995,2,NA,NA,Tillage,18159
236,10.1094/PHYTO.1999.89.3.204,201,IA,42.155437,-93.785864,1995,2,NA,NA,Tillage,19015
237,10.1094/PHYTO.1999.89.3.204,201,IL,40.304296,-89.213214,1995,2,NA,NA,Tillage,17113
238,10.1300/J064v14n04_07,202,OH,39.863141,-83.672179,1962,26,NA,4,Tillage,39023
239,10.1300/J064v14n04_07,202,OH,40.781744,-81.930397,1962,26,NA,4,Tillage,39169
240,10.1300/J064v14n04_06,203,OH,41.19127,-83.790533,1987,7,NA,3,Tillage,39173
241,10.2134/jpa1999.0293,204,NE,40.524689,-98.061073,1986,9,NA,NA,Tillage,31035
242,10.2134/jpa1999.0269,205,NE,40.524689,-98.061073,1976,17,NA,3,Tillage,31035
243,10.1017/S0043174500092195,206,IA,42.026563,-93.646455,1994,4,NA,4,Tillage,19169
244,10.1094/PHYTO.1999.89.10.844,207,MN,45.970464,-94.483954,1995,2,NA,NA,Tillage,27097
245,10.1094/PHYTO.1999.89.10.844,207,OH,40.492246,-83.34812,1995,2,NA,NA,Tillage,39159
246,10.1094/PHYTO.1999.89.10.844,207,MO,38.589083,-92.588032,1995,2,NA,NA,Tillage,29135
247,10.1094/PHYTO.1999.89.10.844,207,IN,40.310618,-86.199682,1995,2,NA,NA,Tillage,18159
248,10.1094/PHYTO.1999.89.10.844,207,IA,42.155437,-93.785864,1995,2,NA,NA,Tillage,19015
249,10.1094/PHYTO.1999.89.10.844,207,IL,40.304296,-89.213214,1995,2,NA,NA,Tillage,17113
250,10.1093/ee/28.6.1052,208,OH,39.531244,-84.722773,1994,4,NA,5,Tillage,39017
251,2abc,209,KS,38.304984,-98.190149,1994,3,NA,NA,Tillage,20159
252,10.1016/S0167-1987(00)00087-8,210,OH,39.863141,-83.672179,1988,7,NA,3,Tillage,39023
253,10.1016/S0167-1987(00)00087-8,210,OH,40.781744,-81.930397,1988,12,NA,3,Tillage,39169
254,10.1016/S0167-1987(00)00110-0,211,MN,44.714434,-93.097139,1980,13,NA,1,Tillage,27037
255,10.1016/S0167-1987(00)00139-2,212,MN,44.714434,-93.097139,1980,13,NA,1,Tillage,27037
256,10.13031/2013.3059,213,IA,42.936471,-92.569974,1993,6,NA,3,Tillage,19067
257,10.13031/2013.2306,214,NE,40.524689,-98.061073,1997,1,NA,3,Tillage,31035
258,10.1094/PDIS.2001.85.3.311,215,MN,43.893368,-93.490493,1993,4,NA,4,Tillage,27161
259,10.1016/S0167-1987(01)00174-X,216,SD,44.19,-96.46,1990,11,580,3,Tillage,46101
260,10.1094/PHYTO.2001.91.6.534,217,IA,42.056387,-93.937012,1994,4,NA,1,Tillage,19015
261,10.1094/PHYTO.2001.91.6.534,217,IA,43.090048,-93.730357,1994,4,NA,1,Tillage,19081
262,10.2134/agronj2001.934850x,218,NE,42.384283,-97.005512,1994,4,NA,4,Tillage,31051
263,3abc,219,OH,39.184825,-84.014452,1989,1,NA,0,Tillage,39025
264,10.1016/S0167-1987(01)00267-7,220,IA,42.056387,-93.937012,1999,2,NA,4,Tillage,19015
265,10.2134/jeq2002.7690,221,WI,43.17,-89.22,1995,6,NA,4,Tillage,55025
266,10.1614/0043-1745(2002)050[0448:CRATSE]2.0CO;2,222,OH,41.189003,-83.785124,1963,36,NA,3,Tillage,39173
267,10.1614/0043-1745(2002)050[0448:CRATSE]2.0CO;2,222,OH,40.814391,-81.932647,1963,36,NA,3,Tillage,39169
268,10.13031/2013.11430,223,IA,42.94631,-92.541279,1993,6,NA,3,Tillage,19037
269,10.1081/CSS-120024062,224,MO,38.942573,-92.318487,1971,18,NA,NA,Tillage,29019
270,10.1081/CSS-120018974,225,MI,42.740113,-84.484433,1980,18,NA,3,Tillage,26065
271,10.1081/CSS-120018974,225,MI,42.4,-85.4,1988,10,NA,3,Tillage,26077
272,10.1081/CSS-120018974,225,MI,43.399549,-83.697696,1990,8,NA,3,Tillage,26157
273,10.1023/A:1023304130514,226,WI,43.28333333,-89.36666667,1995,4,NA,4,Tillage,55025
274,10.1016/S0167-8809(03)00067-7,227,WI,43.28333333,-89.36666667,1995,5,NA,4,Tillage,55025
275,10.2134/jeq2003.1782,228,WI,42.848785,-90.705922,1993,8,NA,4,Tillage,55043
276,10.2134/agronj2003.1146,229,WI,43.18,-89.21,1997,4,NA,4,Tillage,55025
277,10.1097/01.ss.0000100470.96182.4a,230,OH,40.06666667,-83.08333333,1993,8,NA,4,Tillage,39049
278,10.2134/agronj2004.0502,231,MN,44.1,-93.86666667,1996,4,NA,4,Tillage,27013
279,10.2134/agronj2004.4250,232,NE,40.812477,-96.807462,1986,16,NA,6,Tillage,31109
280,10.2134/agronj2004.0723,233,IA,42.924699,-95.538976,1994,7,NA,3 to 6,Tillage,19141
281,10.2134/agronj2004.0723,233,IA,40.805596,-91.120666,1980,12,NA,3 to 6,Tillage,19057
282,10.2134/agronj2004.0723,233,IA,41.214559,-91.537111,1990,11,NA,3 to 6,Tillage,19183
283,10.2134/agronj2004.0723,233,IA,42.936846,-92.570089,1978,14,NA,3 to 6,Tillage,19067
284,10.2134/agronj2004.0723,233,IA,42.60895,-95.005599,1980,6,NA,3 to 6,Tillage,19021
285,10.1016/j.still.2003.12.007,234,IA,42.924699,-95.538976,1994,8,NA,3,Tillage,19141
286,10.1016/j.still.2004.02.011,235,IA,42.924699,-95.538976,1994,7,NA,3 to 6,Tillage,19141
287,10.1016/j.still.2004.02.011,235,IA,40.805596,-91.120666,1980,12,NA,3 to 6,Tillage,19057
288,10.1016/j.still.2004.02.011,235,IA,41.214559,-91.537111,1990,11,NA,3 to 6,Tillage,19183
289,10.1016/j.still.2004.02.011,235,IA,42.936846,-92.570089,1978,14,NA,3 to 6,Tillage,19067
290,10.1016/j.still.2004.02.011,235,IA,42.60895,-95.005599,1980,6,NA,3 to 6,Tillage,19021
291,10.2134/agronj2004.1164,236,IA,42.033459,-93.645941,2001,2,NA,4,Tillage,19169
292,10.2134/agronj2004.1164,236,IA,42.93687,-92.570078,2001,2,NA,4,Tillage,19067
293,10.1002/aheh.200300534,237,WI,43.28333333,-89.36666667,1995,7,NA,4,Tillage,55025
294,10.1016/j.still.2004.03.017,238,IA,42.033459,-93.645941,2001,2,NA,4,Tillage,19169
295,10.1016/j.still.2004.03.017,238,IA,42.93687,-92.570078,2001,2,NA,4,Tillage,19067
296,10.1016/j.still.2004.03.018,239,OH,40.06666667,-83.08333333,1993,9,NA,4,Tillage,39049
297,10.1080/00103620500257259,240,WI,42.848785,-90.705922,1981,11,NA,NA,Tillage,55043
298,10.2134/jeq2005.0437,241,IA,42.65,-95.78333333,1998,4,NA,3,Tillage,19035
299,10.1016/j.agee.2004.08.002,242,IA,42.025037,-93.633931,1998,3,NA,3,Tillage,19169
300,10.1016/j.agee.2004.08.002,242,IA,43.3101,-95.1741,1994,7,NA,3,Tillage,19059
301,10.1016/j.agee.2004.08.002,242,IA,41.214559,-91.537111,1994,7,NA,3,Tillage,19183
302,10.1016/j.agee.2004.08.002,242,IA,42.9311,-93.5889,1994,7,NA,3,Tillage,19081
303,10.1016/j.agee.2004.08.002,242,IA,42.754275,-92.5632,1994,7,NA,3,Tillage,19023
304,10.1016/j.agee.2004.08.002,242,IA,42.9246,-95.539,1994,7,NA,3,Tillage,19141
305,10.1614/WS-04-129R1,243,KS,39.135658,-96.621988,2001,3,NA,3,Tillage,20161
306,10.1614/WS-04-129R1,243,KS,38.887642,-99.324263,2001,3,NA,3,Tillage,20051
307,10.1016/j.apsoil.2005.02.014,244,IA,42.025037,-93.633931,1998,3,NA,3,Tillage,19169
308,10.1016/j.apsoil.2005.02.014,244,IA,43.3101,-95.1741,1994,7,NA,3,Tillage,19059
309,10.1016/j.apsoil.2005.02.014,244,IA,41.214559,-91.537111,1994,7,NA,3,Tillage,19183
310,10.1016/j.apsoil.2005.02.014,244,IA,42.9311,-93.5889,1994,7,NA,3,Tillage,19081
311,10.1016/j.apsoil.2005.02.014,244,IA,42.754275,-92.5632,1994,7,NA,3,Tillage,19023
312,10.1016/j.apsoil.2005.02.014,244,IA,42.9246,-95.539,1994,7,NA,3,Tillage,19141
313,10.2136/sssaj2005.0129,245,IA,41.393819,-95.00912,1996,4,NA,3,Tillage,19029
314,10.2136/sssaj2005.0129,245,IA,41.214559,-91.537111,1996,4,NA,3,Tillage,19183
315,10.2136/sssaj2005.0129,245,IA,42.9311,-93.5889,1996,4,NA,3,Tillage,19081
316,10.2136/sssaj2005.0129,245,IA,42.754275,-92.5632,1996,4,NA,3,Tillage,19023
317,10.2136/sssaj2005.0129,245,IA,42.9246,-95.539,1996,4,NA,3,Tillage,19141
318,10.2136/sssaj2005.0249,246,KS,39.192921,-96.593088,1990,13,NA,4,Tillage,20161
319,10.2136/sssaj2005.0083,247,IN,40.471009,-86.992263,1980,24,NA,3,Tillage,18157
320,10.2134/agronj2005.0177,248,IA,43,-92.5,2002,3,NA,3,Tillage,19037
321,10.1201/9781420032291.ch8,249,MN,45.68722222,-95.79916667,1998,1,NA,4,Tillage,27149
322,10.1016/j.still.2005.04.013,250,OH,39.821986,-83.652406,1962,35,NA,4,Tillage,39023
323,10.1016/j.still.2005.04.013,250,OH,40.08333333,-82,1962,35,NA,4,Tillage,39119
324,10.2134/jeq2005.0183,251,IA,42.02008,-93.77008,1995,10,NA,10,Tillage,19015
325,10.1890/1051-0761(2006)016[1619:PETCOS]2.0.CO;2,252,MI,42.4,-85.4,2003,1,NA,6,Tillage,26077
326,10.1016/j.still.2005.07.015,253,MN,44.75,-93.06666667,1980,23,NA,NA,Tillage,27037
327,10.1016/j.still.2006.07.004,254,MN,45.68722222,-95.79916667,1998,1,NA,4,Tillage,27149
328,10.13031/2013.23633,255,IA,42.936471,-92.569974,1990,16,NA,3,Tillage,19067
329,4abc,256,MN,44.05,-93.51666667,2003,2,NA,NA,Tillage,27161
330,4abc,256,MN,44.086155,-93.503646,1997,8,NA,4,Tillage,27161
331,4abc,256,MN,44.086155,-93.503646,1997,8,NA,4,Tillage,27161
332,10.2134/agronj2006.0261,257,NE,41.18,-96.47777778,1996,8,NA,4,Tillage,31155
333,10.1094/ PDIS-91-8-0973,258,IA,42.027177,-93.646498,1995,4,NA,5,Tillage,19169
334,10.1016/j.still.2006.12.004,259,IN,40.471009,-86.992263,1975,30,NA,3,Tillage,18157
335,10.1016/j.still.2007.02.007,260,IN,40.471009,-86.992263,1975,29,NA,3,Tillage,18157
336,10.2134/agronj2007.0012,261,IA,43,-92.5,2002,3,NA,3,Tillage,19037
337,10.2134/agronj2006.0364,262,MN,45.68722222,-95.79916667,2002,4,NA,4,Tillage,27149
338,10.1080/01904160802403102,263,OH,41.21666667,-83.76666667,2001,5,NA,4,Tillage,39173
339,10.2136/sssaj2007.0233,264,OH,42.88888889,-82.80388889,1977,30,NA,1,Tillage,26099
340,10.2136/sssaj2007.0233,264,OH,42.90388889,-83.66694444,1992,15,NA,1,Tillage,26049
341,10.2134/jeq2007.0392,265,WI,42.849099,-90.703776,1993,14,NA,2,Tillage,55043
342,10.1016/j.still.2008.04.012,266,OH,40.03333333,-83.04166667,1994,14,NA,3,Tillage,39049
343,10.13031/2013.25954,267,KS,39.39,-101.07,2004,4,NA,3,Tillage,20193
344,10.2136/sssaj2007.0336,268,IN,40.089892,-86.163565,1976,30,NA,NA,Tillage,18057
345,10.2136/sssaj2007.0336,268,IN,40.089892,-86.163565,1996,10,NA,NA,Tillage,18057
346,10.2136/sssaj2007.0336,268,IN,40.089892,-86.163565,1983,23,NA,NA,Tillage,18057
347,10.2136/sssaj2007.0336,268,OH,40.192915,-82.948681,1988,18,NA,NA,Tillage,39041
348,10.2136/sssaj2007.0336,268,OH,40.192915,-82.948681,2001,5,NA,NA,Tillage,39041
349,10.2136/sssaj2007.0336,268,OH,40.192915,-82.948681,1991,15,NA,NA,Tillage,39041
350,10.2136/sssaj2007.0336,268,PA,40.705744,-77.908516,1997,9,NA,NA,Tillage,42061
351,10.2136/sssaj2007.0184,269,SD,44.23472222,-96.68388889,2001,1,NA,1,Tillage,46011
352,10.2136/sssaj2007.0184,269,SD,44.23472222,-96.68388889,1993,10,NA,1,Tillage,46011
353,10.1016/j.still.2008.11.008,270,OH,39.75,-83.68388889,1962,43,NA,4,Tillage,39057
354,10.1016/j.still.2009.03.006,271,OH,41.01777778,-81.6775,2002,6,NA,1,Tillage,39153
355,10.1016/j.still.2009.03.001,272,OH,39.75,-83.68388889,1962,43,NA,4,Tillage,39057
356,10.1016/j.geoderma.2008.11.036,273,OH,42.88888889,-82.80388889,1976,30,NA,1,Tillage,26099
357,10.1016/j.geoderma.2008.11.036,273,OH,42.90388889,-83.66694444,1991,15,NA,1,Tillage,26049
358,10.1016/j.still.2008.11.004,274,OH,40.03333333,-83.04166667,1994,14,NA,3,Tillage,39049
359,10.1016/j.still.2010.02.005,275,OH,40.58333333,-81.11833333,1964,43,NA,1,Tillage,39019
360,10.1016/j.still.2010.02.005,275,OH,39.75,-83.6,1962,45,NA,4,Tillage,39097
361,10.2136/sssaj2009.0362,276,NE,40.812477,-96.807462,1986,19,NA,6,Tillage,31109
362,10.5433/1679-0359.2011v32n3p983,277,IN,40.43333333,-86.91666667,1980,15,NA,3,Tillage,NA
363,10.2136/sssaj2009.0147,278,IN,40.43333333,-86.91666667,1975,30,NA,3,Tillage,NA
364,10.1016/j.still.2010.11.003,280,MO,38.53,-92.12,1991,18,NA,4,Tillage,29051
365,10.1016/j.still.2011.03.005,281,NE,40.843,-96.465,1986,14,NA,NA,Tillage,31109
366,10.2134/jeq2011.0039,282,MN,44.75,-93.06666667,1990,20,NA,3,Tillage,27037
367,10.1039/c1em10120j,283,IA,42.936471,-92.569974,2000,5,NA,3,Tillage,19067
368,10.2136/sssaj2010.0334,284,OH,41.21666667,-83.76666667,1963,44,NA,3,Tillage,39173
369,10.2134/agronj2011.0043,285,IA,42.025037,-93.633931,2004,5,NA,4,Tillage,19169
370,10.2134/agronj2011.0043,285,WI,43.334759,-89.37113,1987,22,NA,4,Tillage,55021
371,10.2136/sssaj2012.0098,286,OH,41.48333333,-84.15,1964,47,NA,NA,Tillage,39069
372,10.2136/sssaj2012.0098,286,OH,40.41666667,-83.25,1962,49,NA,NA,Tillage,39159
373,10.1016/j.still.2013.01.004,287,IA,43.65,-95.78333333,2004,4,NA,3,Tillage,27105
374,10.1016/j.agee.2013.03.014,288,OH,40.03333333,-83.04166667,1994,17,NA,NA,Tillage,39049
375,10.1016/j.agee.2013.02.003,289,IA,42.01666667,-93.75,1979,27,NA,4,Tillage,19015
376,10.1016/j.still.2013.05.013,290,IA,42.01666667,-93.75,1979,27,NA,4,Tillage,19015
377,10.2134/agronj2013.0181,291,MN,44.05,-93.51666667,2008,4,NA,4,Tillage,27161
378,10.2134/agronj2013.0181,291,MN,44.23333333,-95.3,2008,4,NA,4,Tillage,27127
379,10.1080/0038768.2013.878643,292,OH,40.03333333,-83.04166667,1994,9,NA,12,Tillage,39049
380,10.1007/s00374-013-0866-7,293,OH,40.80575,-82.974545,1997,13,NA,1,Tillage,39033
381,10.1007/s00374-013-0866-7,293,OH,40.301878,-82.698026,1974,36,NA,1,Tillage,39083
382,10.1007/s00374-013-0866-7,293,OH,40.546167,-82.81893,2001,9,NA,1,Tillage,39117
383,10.1007/s00374-013-0866-7,293,OH,40.814391,-81.932647,1962,48,NA,1,Tillage,39169
384,10.2134/jeq2013.10.0431,294,NE,42.383827,-96.989108,1985,28,NA,4,Tillage,31051
385,10.2134/jeq2013.10.0431,294,NE,40.524789,-98.061015,1986,27,NA,4,Tillage,31035
386,10.2489/jswc.69.9.574,295,IA,42.01666667,-93.75,2002,10,NA,4,Tillage,19015
387,10.2489/jswc.69.9.574,296,OH,40.03333333,-83.04166667,1994,9,NA,12,Tillage,39049
388,10.2489/jswc.69.9.543,297,OH,41.19127,-83.790533,1987,10,NA,3,Tillage,39173
389,10.2489/jswc.69.9.543,297,OH,40.814391,-81.932647,1962,30,NA,4,Tillage,39169
390,10.1111/ejss.12205,298,OH,40.4,-81.8,1970,42,NA,3,Tillage,39031
391,10.2136/sssaj2014.08.0337,299,MN,44.05,-93.51666667,2008,4,NA,4,Tillage,27161
392,10.2136/sssaj2014.07.0273,300,IL,40.048766,-88.236268,2011,2,NA,4,Tillage,17019
393,10.2136/sssaj2014.07.0273,300,MI,42.628551,-84.434808,2011,2,NA,4,Tillage,26065
394,Unavailable,301,OH,39.04166667,-83.03333333,2000,7,NA,3,Tillage,39131
395,10.1016/j.apsoil.2015.01.007,302,IA,42,-93.133333,2010,3,NA,3,Tillage,19127
396,10.2134/agronj14.0535,303,MN,44.05,-93.51666667,2008,4,NA,4,Tillage,27161
397,10.2134/agronj14.0535,303,MN,44.23333333,-95.3,2008,4,NA,4,Tillage,27127
398,10.2134/agronj14.0470,304,IA,42.0204,-93.7738,2003,11,NA,4,Tillage,19015
399,10.2134/agronj14.0470,304,IA,43.3101,-95.1741,2003,11,NA,4,Tillage,19059
400,10.2134/agronj14.0470,304,IA,41.2033,-91.486,2003,11,NA,4,Tillage,19183
401,10.2134/agronj14.0470,304,IA,42.9311,-93.5889,2003,11,NA,4,Tillage,19081
402,10.2134/agronj14.0470,304,IA,40.9733,-93.4228,2003,11,NA,4,Tillage,19117
403,10.2134/agronj14.0470,304,IA,42.9327,-92.5632,2003,11,NA,4,Tillage,19067
404,10.2134/agronj14.0470,304,IA,42.9246,-95.539,2003,11,NA,4,Tillage,19141
405,10.2136/sssaj2015.01.0039,305,IA,42.01055556,-93.73361111,2008,3,NA,3,Tillage,19015
406,10.2136/sssaj2015.01.0039,305,IA,41.33138889,-95.18333333,2008,3,NA,3,Tillage,19155
407,10.1016/j.still.2015.03.005,306,IL,41.91666667,-88.75,2005,8,NA,4,Tillage,17037
408,10.1016/j.still.2015.03.005,306,IL,40.9,-90.633333,2005,8,NA,4,Tillage,17187
409,10.1016/j.still.2015.03.005,306,IL,39.76666667,-90.73333333,2005,8,NA,4,Tillage,17149
410,10.1016/j.still.2015.03.005,306,IL,40.1,-88.2,2005,8,NA,4,Tillage,17019
411,10.1016/j.geoderma.2015.04.002,307,IL,41.91666667,-88.75,2005,8,NA,4,Tillage,17037
412,10.1016/j.geoderma.2015.04.002,307,IL,40.9,-90.633333,2005,8,NA,4,Tillage,17187
413,10.1016/j.geoderma.2015.04.002,307,IL,39.76666667,-90.73333333,2005,8,NA,4,Tillage,17149
414,10.1016/j.geoderma.2015.04.002,307,IL,40.1,-88.2,2005,8,NA,4,Tillage,17019
415,10.1007/s12155-015-9586-1,308,MN,44.23333333,-95.3,2008,3,NA,4,Tillage,27127
416,10.1007/s12155-015-9586-1,308,MN,44.05,-93.51666667,2008,3,NA,4,Tillage,27161
417,10.2134/agronj15.0085,309,NE,40.5,-96.3,1986,28,NA,6,Tillage,31097
418,10.1016/j.still.2015.06.015,310,MI,42.4,-85.4,2011,3,NA,6,Tillage,26077
419,10.1016/j.still.2015.06.015,310,MI,42.62933333,-92.18138889,2011,3,NA,5,Tillage,19013
420,10.1016/S0167-1987(97)00041-X,311,IL,37.701145,-89.242604,1989,5,NA,4,Tillage,17077
421,10.1016/j.still.2015.05.006,312,NE,40.84555556,-96.47166667,1981,34,NA,3,Tillage,31109
422,10.2134/agronj2015.0331,313,WI,43.334759,-89.37113,1987,26,NA,4,Tillage,55021
423,10.1016/j.still.2013.09.003,314,OH,40.03333333,-83.04166667,1994,18,NA,3,Tillage,39049
424,10.1515/intag-2015-0030,315,MI,38.97111111,-92.18138889,2011,3,NA,3,Tillage,29019
425,10.1080/00103624.2016.1194993,316,OH,39.75,-83.6,1962,50,NA,NA,Tillage,39097
426,10.2134/agronj2015.0363,317,IA,42.03472222,-93.61972222,2003,11,NA,NA,Tillage,19169
427,10.2134/agronj2015.0363,317,IA,43.3101,-95.1741,2003,11,NA,NA,Tillage,19059
428,10.2134/agronj2015.0363,317,IA,41.24416667,-91.56222222,2003,11,NA,NA,Tillage,19183
429,10.2134/agronj2015.0363,317,IA,42.9311,-93.5889,2003,11,NA,NA,Tillage,19081
430,10.2134/agronj2015.0363,317,IA,41.01388889,-93.69,2003,11,NA,NA,Tillage,19039
431,10.2134/agronj2015.0363,317,IA,42.95277778,-92.53638889,2003,11,NA,NA,Tillage,19037
432,10.2134/agronj2015.0363,317,IA,42.9246,-95.539,2003,11,NA,NA,Tillage,19141
433,10.1111/gcb.12216,318,MI,42.1,-85.31666667,2009,1,NA,4,Tillage,26077
434,10.1614/WT-D-16-00061.1,319,MO,39.010489,-92.345304,2014,2,NA,4,Tillage,29019
435,10.1614/WT-D-16-00061.1,319,OH,39.897489,-83.809074,2014,2,NA,4,Tillage,39023
436,10.1614/WT-D-16-00061.1,319,WI,43.465075,-89.326398,2014,2,NA,4,Tillage,55021
437,10.1614/WT-D-16-00061.1,319,TN,35.605025,-88.827518,2014,2,NA,4,Tillage,47113
438,10.1614/WT-D-16-00061.1,319,MO,39.453221,-92.512262,2014,2,NA,4,Tillage,29175
439,10.1614/WT-D-16-00061.1,319,IL,38.488805,-89.965375,2014,2,NA,4,Tillage,17163
440,10.1614/WT-D-16-00061.1,319,IN,40.429847,-86.907109,2014,2,NA,4,Tillage,18157
441,10.1614/WT-D-16-00061.1,319,AR,35.999599,-94.222684,2014,2,NA,4,Tillage,5143
442,10.1080/01904167.2016.1264594,320,SD,44.33472222,-96.78972222,2000,11,NA,4,Tillage,46011
443,10.2134/agronj2016.09.0507,321,MI,42.4,-85.4,2011,4,NA,4,Tillage,26077
444,10.2135/cropsci2016.09.0792,322,WI,43.18,-89.2,1987,28,NA,4,Tillage,55025
445,10.1111/gcb.13637,323,NE,41.16202778,-96.41166667,2002,14,NA,6,Tillage,31155
446,10.2136/sssaj2016.14.0121,324,SD,43.04944444,-96.89166667,1991,23,NA,NA,Tillage,46027
447,10.1016/j.still.2017.03.001,325,NE,40.843,-96.465,1980,35,NA,6,Tillage,31109
448,10.2136/sssaj1998.03615995006200060031x,326,IL,41.918689,-88.755928,1985,11,NA,3,Tillage,17037
449,10.2136/sssaj1998.03615995006200060031x,326,IL,40.923421,-90.648975,1985,11,NA,3,Tillage,17187
450,10.2136/sssaj1998.03615995006200060031x,326,IL,39.782266,-90.746721,1985,11,NA,3,Tillage,17149
451,10.1111/1365-2664.12924,70,IN,40.263035,-85.152023,2012,2,NA,4,Early Season Pest Management,18135
452,10.1111/1365-2664.12924,70,IN,41.446398,-86.941901,2012,3,NA,4,Early Season Pest Management,18127
453,10.1111/1365-2664.12924,70,IN,40.300682,-86.902448,2012,3,NA,4,Early Season Pest Management,18157
454,10.1002/ps.4602,71,IA,41.982225,-93.639749,2012,2,NA,4,Early Season Pest Management,19169
455,10.1002/ps.4602,71,IN,40.300682,-86.902448,2012,2,NA,4,Early Season Pest Management,18157
456,10.1002/ps.4602,71,KS,39.143831,-96.633759,2012,2,NA,4,Early Season Pest Management,20161
457,10.1002/ps.4602,71,MN,44.242425,-95.308314,2012,2,NA,4,Early Season Pest Management,27127
458,10.1002/ps.4602,71,ND,46.600221,-97.176631,2012,2,NA,4,Early Season Pest Management,38077
459,10.1002/ps.4602,71,ND,46.928519,-97.002872,2012,1,NA,4,Early Season Pest Management,38017
460,10.1002/ps.4602,71,ND,47.836174,-97.308994,2013,1,NA,4,Early Season Pest Management,38035
461,10.1002/ps.4602,71,ND,47.013136,-96.836685,2013,1,NA,4,Early Season Pest Management,38017
462,10.1002/ps.4602,71,SD,44.299763,-96.922711,2012,2,NA,4,Early Season Pest Management,46011
463,10.1002/ps.4602,71,WI,43.29795,-89.348524,2013,1,NA,4,Early Season Pest Management,55021
464,10.1016/j.cropro.2017.03.004,72,SD,44.32,-96.92,2013,2,NA,4,Early Season Pest Management,46011
465,10.1016/j.cropro.2017.03.004,72,SD,45.1,-96.93,2013,2,NA,6,Early Season Pest Management,46029
466,10.1094/PD-89-0262,73,IL,40.12,-88.2,2000,3,NA,3.5,Early Season Pest Management,17019
467,10.1094/PD-89-0262,73,IL,40.42,-89.78,2000,1,NA,3.5,Early Season Pest Management,17125
468,10.1094/PD-89-0262,73,IL,40,-88.95,2002,1,NA,3.5,Early Season Pest Management,17115
469,10.1016/0261-2194(92)90057-C,74,IL,40.12,-88.2,1989,2,NA,5,Early Season Pest Management,17019
470,10.1016/j.cropro.2005.03.013,75,IL,40.36,-89.57,2002,2,NA,4,Early Season Pest Management,17179
471,10.1111/j.1439-0418.2011.01656.x,76,IL,41.77,-89.95,2007,2,NA,4,Early Season Pest Management,17195
472,10.1016/0261-2194(93)90096-2,77,OH,40.82,-81.93,1987,2,NA,4,Early Season Pest Management,39169
473,10.1017/S0890037X00038793,78,MI,42.75,-84.48,1991,1,NA,6,Early Season Pest Management,26065
474,10.1017/S0890037X00038793,78,MI,42.75,-84.48,1991,1,NA,3,Early Season Pest Management,26065
475,10.1017/S0890037X00038793,78,MN,44.08,-93.51,1991,1,NA,6,Early Season Pest Management,27161
476,10.1017/S0890037X00038793,78,MN,44.08,-93.51,1991,1,NA,3,Early Season Pest Management,27161
477,10.1017/S0890037X00038793,78,WI,43.33,-89.37,1991,1,NA,6,Early Season Pest Management,55021
478,10.1017/S0890037X00038793,78,WI,43.33,-89.37,1991,1,NA,3,Early Season Pest Management,55021
479,10.1093/jee/92.4.954,79,NE,41.16,-96.54,1997,2,NA,4,Early Season Pest Management,31155
480,10.1093/jee/92.4.954,79,NE,40.81,-96.68,1997,2,NA,4,Early Season Pest Management,31109
481,10.1093/jee/tov081,80,IA,41.982225,-93.639749,2010,2,NA,3,Early Season Pest Management,19169
482,10.1093/jee/tov081,80,IA,43.22,-94.21,2010,1,NA,3,Early Season Pest Management,19109
483,10.1093/jee/tov081,80,IL,40.15,-88.21,2010,2,NA,3,Early Season Pest Management,17019
484,10.1093/jee/tov081,80,IN,40.300682,-86.902448,2010,2,NA,3,Early Season Pest Management,18157
485,10.1093/jee/tov081,80,MO,39.01,-92.36,2010,2,NA,3,Early Season Pest Management,29019
486,10.1093/jee/tov081,80,NE,41.26,-96.66,2011,1,NA,3,Early Season Pest Management,31155
487,10.2135/cropsci2014.02.0114,81,WI,43.30222222,-89.33555556,2012,2,NA,4,Early Season Pest Management,55021
488,10.2135/cropsci2014.02.0114,81,WI,42.72583333,-89.02138889,2012,2,NA,4,Early Season Pest Management,55105
489,10.2135/cropsci2014.02.0114,81,WI,42.83027778,-90.78916667,2012,2,NA,4,Early Season Pest Management,55043
490,10.2135/cropsci2014.02.0114,81,WI,43.72611111,-88.57166667,2012,2,NA,4,Early Season Pest Management,55039
491,10.2135/cropsci2014.02.0114,81,WI,44.07416667,-91.33277778,2012,2,NA,4,Early Season Pest Management,55121
492,10.2135/cropsci2014.02.0114,81,WI,44.11944444,-89.53527778,2012,2,NA,4,Early Season Pest Management,55137
493,10.2135/cropsci2014.02.0114,81,WI,44.95,-91.35027778,2012,2,NA,4,Early Season Pest Management,55017
494,10.2135/cropsci2014.02.0114,81,WI,44.64138889,-90.13305556,2012,2,NA,4,Early Season Pest Management,55141
495,10.2135/cropsci2014.02.0114,81,WI,44.52361111,-88.32944444,2012,2,NA,4,Early Season Pest Management,55087
496,10.2135/cropsci2014.03.0200,82,WI,43.30222222,-89.33555556,2012,2,508,4,Early Season Pest Management,55021
497,10.2134/agronj14.0277,83,WI,43.30222222,-89.33555556,2011,3,NA,4,Early Season Pest Management,55021
498,10.2134/agronj14.0277,83,WI,42.72583333,-89.02138889,2011,3,NA,4,Early Season Pest Management,55105
499,10.2134/agronj14.0277,83,WI,42.83027778,-90.78916667,2011,3,NA,4,Early Season Pest Management,55043
500,10.2134/agronj14.0277,83,WI,43.72611111,-88.57166667,2011,3,NA,4,Early Season Pest Management,55039
501,10.2134/agronj14.0277,83,WI,44.07416667,-91.33277778,2011,3,NA,4,Early Season Pest Management,55121
502,10.2134/agronj14.0277,83,WI,44.11944444,-89.53527778,2011,3,NA,4,Early Season Pest Management,55137
503,10.2134/agronj14.0277,83,WI,44.95,-91.35027778,2011,3,NA,4,Early Season Pest Management,55017
504,10.2134/agronj14.0277,83,WI,44.64138889,-90.13305556,2011,3,NA,4,Early Season Pest Management,55141
505,10.2134/agronj14.0277,83,WI,44.52361111,-88.32944444,2011,3,NA,4,Early Season Pest Management,55087
506,10.2134/agronj14.0277,83,WI,42.7675,-88.46777778,2011,3,NA,4,Early Season Pest Management,55127
507,10.1603/EC14047,84,IA,42.95,-92.54,2011,3,NA,NA,Early Season Pest Management,19037
508,10.1603/EC14047,84,IA,42.02,-93.64,2011,3,NA,NA,Early Season Pest Management,19169
509,10.1603/EC14047,84,KS,39.8,-97.78,2011,3,NA,NA,Early Season Pest Management,20157
510,10.1603/EC14047,84,MN,44.23,-95.27,2011,3,NA,NA,Early Season Pest Management,27127
511,10.1603/EC14047,84,ND,46.96,-97.02,2012,2,NA,NA,Early Season Pest Management,38017
512,10.1603/EC14047,84,PA,40.88,-78.43,2011,3,NA,NA,Early Season Pest Management,42033
513,10.1603/EC14047,84,SD,44.32,-96.92,2011,3,NA,NA,Early Season Pest Management,46011
514,10.1603/EC14047,84,WI,43.30222222,-89.33555556,2011,3,NA,NA,Early Season Pest Management,55021
515,10.1111/j.1439-0418.2012.01716.x,85,OH,40.76666667,-81.94527778,2006,2,NA,4,Early Season Pest Management,39169
516,10.1111/j.1439-0418.2012.01716.x,85,OH,39.85,-83.69583333,2006,2,NA,4,Early Season Pest Management,39023
517,10.2135/cropsci2011.06.0311,86,WI,43.30222222,-89.33555556,2008,3,NA,4,Early Season Pest Management,55021
518,10.2135/cropsci2011.06.0311,86,WI,42.72583333,-89.02138889,2008,3,NA,4,Early Season Pest Management,55105
519,10.2135/cropsci2011.06.0311,86,WI,42.83027778,-90.78916667,2008,3,NA,4,Early Season Pest Management,55043
520,10.2135/cropsci2011.06.0311,86,WI,43.72611111,-88.57166667,2008,3,NA,4,Early Season Pest Management,55039
521,10.2135/cropsci2011.06.0311,86,WI,44.07416667,-91.33277778,2008,3,NA,4,Early Season Pest Management,55121
522,10.2135/cropsci2011.06.0311,86,WI,44.11944444,-89.53527778,2008,3,NA,4,Early Season Pest Management,55137
523,10.2135/cropsci2011.06.0311,86,WI,44.95,-91.35027778,2008,3,NA,4,Early Season Pest Management,55017
524,10.2135/cropsci2011.06.0311,86,WI,44.64138889,-90.13305556,2008,3,NA,4,Early Season Pest Management,55141
525,10.2135/cropsci2011.06.0311,86,WI,44.52361111,-88.32944444,2008,3,NA,4,Early Season Pest Management,55087
526,10.1007/s10658-009-9545-9,87,IA,42.03,-93.65,2007,1,NA,5,Early Season Pest Management,19169
527,10.1007/s10658-009-9545-9,87,IA,42.95,-92.54,2007,1,NA,5,Early Season Pest Management,19037
528,10.1603/029.102.0613,88,IA,42.05,-93.48,2005,3,NA,5,Early Season Pest Management,19169
529,10.1603/029.102.0613,88,IA,41.03,-93.36,2005,3,NA,5,Early Season Pest Management,19117
530,10.1603/029.102.0613,88,MI,42.28,-85.55,2005,3,NA,5,Early Season Pest Management,26077
531,10.1603/029.102.0613,88,MI,43.33,-84.09,2005,3,NA,5,Early Season Pest Management,26145
532,10.1603/029.102.0613,88,MN,44.38,-95.3,2005,3,NA,5,Early Season Pest Management,27127
533,10.1603/029.102.0613,88,MN,44.67,-93.09,2005,3,NA,5,Early Season Pest Management,27037
534,10.1603/029.102.0127,89,NE,42.38,-96.99,2005,2,NA,4,Early Season Pest Management,31051
535,10.2134/agronj2007.0142,90,IA,41.82,-90.55,2004,2,NA,4,Early Season Pest Management,19045
536,10.2134/agronj2007.0142,90,IA,42.02,-93.46,2004,2,NA,4,Early Season Pest Management,19169
537,10.2134/agronj2007.0142,90,IA,42.18,-93.55,2004,2,NA,4,Early Season Pest Management,19169
538,10.1094/ PDIS-92-1-0120,91,NE,46.9,-97.21,2003,2,NA,4,Early Season Pest Management,38017
539,10.1094/ PDIS-92-1-0120,91,NE,41.71,-100.13,2003,2,NA,4,Early Season Pest Management,31041
540,10.1094/ PDIS-92-1-0120,91,NE,38.36,-98.78,2003,2,NA,4,Early Season Pest Management,20009
541,10.1094/ PDIS-92-1-0120,91,NE,46.36,-98.3,2003,2,NA,4,Early Season Pest Management,38045
542,10.1094/ PDIS-92-1-0120,91,NE,47.73,-97.6,2003,2,NA,4,Early Season Pest Management,38035
543,10.1094/ PDIS-92-1-0120,91,NE,41.69,-100.01,2003,2,NA,4,Early Season Pest Management,31041
544,10.1094/ PDIS-92-1-0120,91,NE,41.57,-100.7,2003,1,NA,4,Early Season Pest Management,31113
545,10.1094/ PDIS-92-1-0120,91,NE,41.77,-99.71,2003,1,NA,4,Early Season Pest Management,31009
546,10.1023/B:PLSO.0000016561.58742.93,92,MN,46.23,-94.48,2001,1,NA,6,Early Season Pest Management,27097
547,10.1023/B:PLSO.0000016561.58742.93,92,MN,46.27,-94.53,2001,1,NA,6,Early Season Pest Management,27097
548,Unavailable,93,IA,42.21,-93.4,2002,2,NA,4 or 8,Early Season Pest Management,19083
549,Unavailable,93,IA,42.82,-92.1,2002,2,NA,4 or 8,Early Season Pest Management,19017
550,Unavailable,93,IA,42.73,-95.58,2002,2,NA,4 or 8,Early Season Pest Management,19035
551,10.1094/PD-78-0817,94,IN,38.74,-87.49,1992,2,NA,3,Early Season Pest Management,18083
552,10.1094/PD-78-0817,94,IN,40.9,-85.79,1992,2,NA,4,Early Season Pest Management,18169
553,10.1093/jee/101.4.1211,95,IA,42.05,-93.48,2002,2,NA,7 or 8,Early Season Pest Management,19169
554,10.1093/jee/101.4.1212,95,IA,43.07,-92.82,2002,3,NA,7 or 8,Early Season Pest Management,19067
555,10.1093/jee/101.4.1213,95,IA,43.09,-95.64,2002,3,NA,7 or 8,Early Season Pest Management,19141
556,10.1094/ PDIS-93-9-0875,96,Canada,50.77,-86.69,2004,1,NA,4,Early Season Pest Management,NA
557,10.1094/ PDIS-93-9-0875,96,IA,41.16,-92.63,2005,3,NA,4,Early Season Pest Management,19179
558,10.1094/ PDIS-93-9-0875,96,IA,42.78,-94.95,2005,3,NA,4,Early Season Pest Management,19021
559,10.1094/ PDIS-93-9-0875,96,IA,42.11,-92.99,2005,3,NA,4,Early Season Pest Management,19127
560,10.1094/ PDIS-93-9-0875,96,NE,41.78,-96.22,2005,2,NA,4,Early Season Pest Management,31021
561,10.1094/ PDIS-93-9-0875,96,OH,41.28,-83.84,2005,2,NA,4,Early Season Pest Management,39173
562,10.1094/ PDIS-93-9-0875,96,SD,45.45,-98.1,2003,1,NA,3,Early Season Pest Management,46013
563,10.1094/ PDIS-93-9-0875,96,WI,42.72,-87.81,2006,1,NA,4,Early Season Pest Management,55101
